STATE,STATENAME,ST_CASE,PEDS,PERNOTMVIT,VE_TOTAL,VE_FORMS,PVH_INVL,PERSONS,PERMVIT,COUNTY,COUNTYNAME,CITY,CITYNAME,MONTH,MONTHNAME,DAY,DAYNAME,DAY_WEEK,DAY_WEEKNAME,YEAR,HOUR,HOURNAME,MINUTE,MINUTENAME,TWAY_ID,TWAY_ID2,ROUTE,ROUTENAME,RUR_URB,RUR_URBNAME,FUNC_SYS,FUNC_SYSNAME,RD_OWNER,RD_OWNERNAME,NHS,NHSNAME,SP_JUR,SP_JURNAME,MILEPT,MILEPTNAME,LATITUDE,LATITUDENAME,LONGITUD,LONGITUDNAME,HARM_EV,HARM_EVNAME,MAN_COLL,MAN_COLLNAME,RELJCT1,RELJCT1NAME,RELJCT2,RELJCT2NAME,TYP_INT,TYP_INTNAME,REL_ROAD,REL_ROADNAME,WRK_ZONE,WRK_ZONENAME,LGT_COND,LGT_CONDNAME,WEATHER,WEATHERNAME,SCH_BUS,SCH_BUSNAME,RAIL,RAILNAME,NOT_HOUR,NOT_HOURNAME,NOT_MIN,NOT_MINNAME,ARR_HOUR,ARR_HOURNAME,ARR_MIN,ARR_MINNAME,HOSP_HR,HOSP_HRNAME,HOSP_MN,HOSP_MNNAME,FATALS
41,Oregon,410085,0,0,2,2,0,3,3,51,MULTNOMAH (51),0,NOT APPLICABLE,3,March,7,7,2,Monday,2022,8,8:00am-8:59am,12,12,US-30 ODOT 92,NA,2,US Highway,1,Rural,3,Principal Arterial - Other,1,State Highway Agency,1,This section IS ON the NHS,0,No Special Jurisdiction,144,144,45.66561667,45.66561667,-122.86603889,-122.86603889,24,Guardrail Face,0,The First Harmful Event was Not a Collision with a Motor Vehicle in Transport,0,No,1,Non-Junction,1,Not an Intersection,4,On Roadside,0,None,1,Daylight,5,"Fog, Smog, Smoke",0,No,0000000,Not Applicable,8,8:00am-8:59am,14,14,8,8:00am-8:59am,23,23,9,9:00am-9:59am,3,3,1
41,Oregon,410086,0,0,3,3,0,4,4,71,YAMHILL (71),0,NOT APPLICABLE,2,February,22,22,3,Tuesday,2022,9,9:00am-9:59am,51,51,SR-99W ODOT 91,NA,3,State Highway,1,Rural,3,Principal Arterial - Other,1,State Highway Agency,1,This section IS ON the NHS,0,No Special Jurisdiction,294,294,45.24042778,45.24042778,-123.05755278,-123.05755278,12,Motor Vehicle In-Transport,1,Front-to-Rear,0,No,1,Non-Junction,1,Not an Intersection,1,On Roadway,0,None,1,Daylight,1,Clear,0,No,0000000,Not Applicable,9,9:00am-9:59am,52,52,10,10:00am-10:59am,4,4,99,Unknown,99,Unknown EMS Hospital Arrival Time,1
41,Oregon,410087,0,0,1,1,0,1,1,15,CURRY (15),0,NOT APPLICABLE,3,March,8,8,3,Tuesday,2022,3,3:00am-3:59am,32,32,US-101 ODOT 9,NA,2,US Highway,1,Rural,3,Principal Arterial - Other,1,State Highway Agency,1,This section IS ON the NHS,0,No Special Jurisdiction,2947,2947,42.83020556,42.83020556,-124.48075556,-124.48075556,42,Tree (Standing Only),0,The First Harmful Event was Not a Collision with a Motor Vehicle in Transport,0,No,1,Non-Junction,1,Not an Intersection,4,On Roadside,0,None,2,Dark - Not Lighted,1,Clear,0,No,0000000,Not Applicable,3,3:00am-3:59am,32,32,3,3:00am-3:59am,41,41,88,Not Applicable (Not Transported),88,Not Applicable (Not Transported),1
41,Oregon,410089,0,0,1,1,0,3,3,21,GILLIAM (21),0,NOT APPLICABLE,3,March,8,8,3,Tuesday,2022,20,8:00pm-8:59pm,30,30,SR-19 ODOT 5,NA,3,State Highway,1,Rural,4,Minor Arterial,1,State Highway Agency,0,This section IS NOT on the NHS,0,No Special Jurisdiction,359,359,45.27197778,45.27197778,-120.14975,-120.14975,34,Ditch,0,The First Harmful Event was Not a Collision with a Motor Vehicle in Transport,0,No,1,Non-Junction,1,Not an Intersection,4,On Roadside,0,None,2,Dark - Not Lighted,2,Rain,0,No,0000000,Not Applicable,20,8:00pm-8:59pm,2,2,20,8:00pm-8:59pm,19,19,22,10:00pm-10:59pm,0,0,1
41,Oregon,410090,0,0,3,3,0,4,4,61,UNION (61),0,NOT APPLICABLE,3,March,9,9,4,Wednesday,2022,8,8:00am-8:59am,52,52,I-84,NA,1,Interstate,1,Rural,1,Interstate,1,State Highway Agency,1,This section IS ON the NHS,0,No Special Jurisdiction,2588,2588,45.34409167,45.34409167,-118.13901944,-118.13901944,12,Motor Vehicle In-Transport,6,Angle,0,No,1,Non-Junction,1,Not an Intersection,1,On Roadway,0,None,1,Daylight,4,Snow,0,No,0000000,Not Applicable,8,8:00am-8:59am,52,52,9,9:00am-9:59am,4,4,88,Not Applicable (Not Transported),88,Not Applicable (Not Transported),1
41,Oregon,410091,0,0,2,2,0,2,2,19,DOUGLAS (19),2257,WINSTON,1,January,12,12,4,Wednesday,2022,16,4:00pm-4:59pm,16,16,S MAIN ST,HART ST,6,Local Street - Municipality,2,Urban,4,Minor Arterial,4,City or Municipal Highway Agency,0,This section IS NOT on the NHS,0,No Special Jurisdiction,0,None,43.11694167,43.11694167,-123.41475556,-123.41475556,12,Motor Vehicle In-Transport,6,Angle,0,No,2,Intersection,3,T-Intersection,1,On Roadway,0,None,5,Dusk,1,Clear,0,No,0000000,Not Applicable,16,4:00pm-4:59pm,16,16,16,4:00pm-4:59pm,16,16,88,Not Applicable (Not Transported),88,Not Applicable (Not Transported),1
41,Oregon,410092,0,0,1,1,0,1,1,65,WASCO (65),0,NOT APPLICABLE,2,February,14,14,2,Monday,2022,7,7:00am-7:59am,53,53,CR-BAKEOVEN MARKET RD,NA,4,County Road,1,Rural,5,Major Collector,2,County Highway Agency,0,This section IS NOT on the NHS,0,No Special Jurisdiction,81,81,45.18145556,45.18145556,-120.94871667,-120.94871667,31,"Post, Pole or Other Supports",0,The First Harmful Event was Not a Collision with a Motor Vehicle in Transport,0,No,1,Non-Junction,1,Not an Intersection,4,On Roadside,0,None,9,Reported as Unknown,6,Severe Crosswinds,0,No,0000000,Not Applicable,99,Unknown,99,Unknown,99,Unknown EMS Scene Arrival Hour,99,Unknown EMS Scene Arrival Minutes,88,Not Applicable (Not Transported),88,Not Applicable (Not Transported),1
41,Oregon,410093,0,0,1,1,0,1,1,7,CLATSOP (7),0,NOT APPLICABLE,3,March,10,10,5,Thursday,2022,9,9:00am-9:59am,10,10,US-26 ODOT 47,NA,2,US Highway,1,Rural,3,Principal Arterial - Other,1,State Highway Agency,1,This section IS ON the NHS,0,No Special Jurisdiction,78,78,45.90745833,45.90745833,-123.78911389,-123.78911389,42,Tree (Standing Only),0,The First Harmful Event was Not a Collision with a Motor Vehicle in Transport,0,No,1,Non-Junction,1,Not an Intersection,4,On Roadside,0,None,1,Daylight,1,Clear,0,No,0000000,Not Applicable,9,9:00am-9:59am,13,13,9,9:00am-9:59am,23,23,88,Not Applicable (Not Transported),88,Not Applicable (Not Transported),1
41,Oregon,410094,1,1,2,2,0,3,3,39,LANE (39),660,EUGENE,3,March,10,10,5,Thursday,2022,20,8:00pm-8:59pm,33,33,RIVER RD,NA,6,Local Street - Municipality,2,Urban,3,Principal Arterial - Other,4,City or Municipal Highway Agency,1,This section IS ON the NHS,0,No Special Jurisdiction,0,None,44.09529444,44.09529444,-123.12791111,-123.12791111,8,Pedestrian,0,The First Harmful Event was Not a Collision with a Motor Vehicle in Transport,0,No,1,Non-Junction,1,Not an Intersection,1,On Roadway,0,None,2,Dark - Not Lighted,1,Clear,0,No,0000000,Not Applicable,20,8:00pm-8:59pm,33,33,99,Unknown EMS Scene Arrival Hour,99,Unknown EMS Scene Arrival Minutes,88,Not Applicable (Not Transported),88,Not Applicable (Not Transported),1
41,Oregon,410095,1,1,1,1,0,1,1,51,MULTNOMAH (51),880,GRESHAM,1,January,8,8,7,Saturday,2022,19,7:00pm-7:59pm,45,45,SE STARK ST,SE 187TH AVE,6,Local Street - Municipality,2,Urban,4,Minor Arterial,4,City or Municipal Highway Agency,0,This section IS NOT on the NHS,0,No Special Jurisdiction,0,None,45.51913611,45.51913611,-122.47041667,-122.47041667,8,Pedestrian,0,The First Harmful Event was Not a Collision with a Motor Vehicle in Transport,0,No,3,Intersection-Related,2,Four-Way Intersection,1,On Roadway,0,None,3,Dark - Lighted,1,Clear,0,No,0000000,Not Applicable,19,7:00pm-7:59pm,45,45,19,7:00pm-7:59pm,50,50,20,8:00pm-8:59pm,21,21,1
41,Oregon,410096,1,1,1,1,0,1,1,19,DOUGLAS (19),1780,ROSEBURG,3,March,10,10,5,Thursday,2022,13,1:00pm-1:59pm,18,18,SR-138 ODOT 138,NA,3,State Highway,2,Urban,3,Principal Arterial - Other,1,State Highway Agency,1,This section IS ON the NHS,0,No Special Jurisdiction,4,4,43.21333333,43.21333333,-123.33374167,-123.33374167,8,Pedestrian,0,The First Harmful Event was Not a Collision with a Motor Vehicle in Transport,0,No,1,Non-Junction,1,Not an Intersection,1,On Roadway,0,None,1,Daylight,1,Clear,0,No,0000000,Not Applicable,13,1:00pm-1:59pm,19,19,13,1:00pm-1:59pm,22,22,13,1:00pm-1:59pm,37,37,1
41,Oregon,410097,1,1,1,1,0,1,1,67,WASHINGTON (67),180,BEAVERTON,3,March,15,15,3,Tuesday,2022,7,7:00am-7:59am,2,2,SW FARMINGTON RD,SW HALL BLVD,6,Local Street - Municipality,2,Urban,3,Principal Arterial - Other,4,City or Municipal Highway Agency,1,This section IS ON the NHS,0,No Special Jurisdiction,0,None,45.48698889,45.48698889,-122.804125,-122.804125,8,Pedestrian,0,The First Harmful Event was Not a Collision with a Motor Vehicle in Transport,0,No,3,Intersection-Related,2,Four-Way Intersection,1,On Roadway,0,None,4,Dawn,10,Cloudy,0,No,0000000,Not Applicable,7,7:00am-7:59am,2,2,7,7:00am-7:59am,4,4,88,Not Applicable (Not Transported),88,Not Applicable (Not Transported),1
41,Oregon,410098,1,1,1,1,0,1,1,67,WASHINGTON (67),0,NOT APPLICABLE,3,March,15,15,3,Tuesday,2022,7,7:00am-7:59am,22,22,CR-ROOD BRIDGE RD,NA,4,County Road,1,Rural,5,Major Collector,2,County Highway Agency,0,This section IS NOT on the NHS,0,No Special Jurisdiction,0,None,45.45969444,45.45969444,-122.96308611,-122.96308611,9,Pedalcyclist,0,The First Harmful Event was Not a Collision with a Motor Vehicle in Transport,0,No,1,Non-Junction,1,Not an Intersection,1,On Roadway,0,None,4,Dawn,10,Cloudy,0,No,0000000,Not Applicable,7,7:00am-7:59am,21,21,7,7:00am-7:59am,32,32,88,Not Applicable (Not Transported),88,Not Applicable (Not Transported),1
41,Oregon,410099,0,0,2,2,0,4,4,43,LINN (43),0,NOT APPLICABLE,3,March,18,18,6,Friday,2022,11,11:00am-11:59am,25,25,SR-20 ODOT 16,NA,3,State Highway,1,Rural,3,Principal Arterial - Other,1,State Highway Agency,1,This section IS ON the NHS,0,No Special Jurisdiction,323,323,44.40875278,44.40875278,-122.63911944,-122.63911944,12,Motor Vehicle In-Transport,2,Front-to-Front,0,No,1,Non-Junction,1,Not an Intersection,1,On Roadway,0,None,1,Daylight,10,Cloudy,0,No,0000000,Not Applicable,11,11:00am-11:59am,25,25,11,11:00am-11:59am,30,30,99,Unknown,99,Unknown EMS Hospital Arrival Time,2
41,Oregon,410100,1,1,1,1,0,1,1,51,MULTNOMAH (51),1650,PORTLAND,3,March,18,18,6,Friday,2022,20,8:00pm-8:59pm,51,51,NE VANCOUVER WAY,NE GERTZ RD,6,Local Street - Municipality,2,Urban,5,Major Collector,4,City or Municipal Highway Agency,0,This section IS NOT on the NHS,0,No Special Jurisdiction,0,None,45.59015278,45.59015278,-122.66225833,-122.66225833,15,Non-Motorist on Personal Conveyance,0,The First Harmful Event was Not a Collision with a Motor Vehicle in Transport,0,No,3,Intersection-Related,2,Four-Way Intersection,1,On Roadway,0,None,8,Not Reported,98,Not Reported,0,No,0000000,Not Applicable,99,Unknown,99,Unknown,99,Unknown EMS Scene Arrival Hour,99,Unknown EMS Scene Arrival Minutes,88,Not Applicable (Not Transported),88,Not Applicable (Not Transported),1
41,Oregon,410101,0,0,2,2,0,4,4,41,LINCOLN (41),0,NOT APPLICABLE,3,March,18,18,6,Friday,2022,17,5:00pm-5:59pm,55,55,SR-18 ODOT 39,NA,3,State Highway,1,Rural,3,Principal Arterial - Other,1,State Highway Agency,1,This section IS ON the NHS,0,No Special Jurisdiction,65,65,45.02131389,45.02131389,-123.860775,-123.860775,12,Motor Vehicle In-Transport,6,Angle,0,No,8,Driveway Access Related,1,Not an Intersection,1,On Roadway,0,None,1,Daylight,10,Cloudy,0,No,0000000,Not Applicable,18,6:00pm-6:59pm,1,1,18,6:00pm-6:59pm,15,15,18,6:00pm-6:59pm,41,41,1
41,Oregon,410102,1,1,1,1,0,1,1,11,COOS (11),0,NOT APPLICABLE,1,January,4,4,3,Tuesday,2022,22,10:00pm-10:59pm,55,55,US-101 ODOT 9,HARRIET RD,2,US Highway,2,Urban,3,Principal Arterial - Other,1,State Highway Agency,1,This section IS ON the NHS,0,No Special Jurisdiction,2393,2393,43.35582222,43.35582222,-124.20733611,-124.20733611,8,Pedestrian,0,The First Harmful Event was Not a Collision with a Motor Vehicle in Transport,0,No,3,Intersection-Related,2,Four-Way Intersection,1,On Roadway,0,None,3,Dark - Lighted,2,Rain,0,No,0000000,Not Applicable,22,10:00pm-10:59pm,58,58,23,11:00pm-11:59pm,3,3,88,Not Applicable (Not Transported),88,Not Applicable (Not Transported),1
41,Oregon,410103,0,0,1,1,0,3,3,31,JEFFERSON (31),1270,MADRAS,3,March,20,20,1,Sunday,2022,1,1:00am-1:59am,39,39,US-97 ODOT 4,NA,2,US Highway,2,Urban,3,Principal Arterial - Other,1,State Highway Agency,1,This section IS ON the NHS,0,No Special Jurisdiction,919,919,44.64013611,44.64013611,-121.12866944,-121.12866944,38,Fence,0,The First Harmful Event was Not a Collision with a Motor Vehicle in Transport,0,No,1,Non-Junction,1,Not an Intersection,4,On Roadside,0,None,3,Dark - Lighted,1,Clear,0,No,0000000,Not Applicable,1,1:00am-1:59am,41,41,1,1:00am-1:59am,45,45,1,1:00am-1:59am,59,59,1
41,Oregon,410104,0,0,2,2,0,5,5,47,MARION (47),1810,SALEM,3,March,21,21,2,Monday,2022,9,9:00am-9:59am,42,42,LIBERTY RD S,EWALD AVE S,6,Local Street - Municipality,2,Urban,4,Minor Arterial,4,City or Municipal Highway Agency,0,This section IS NOT on the NHS,0,No Special Jurisdiction,0,None,44.90113889,44.90113889,-123.05287778,-123.05287778,12,Motor Vehicle In-Transport,6,Angle,0,No,2,Intersection,2,Four-Way Intersection,1,On Roadway,0,None,1,Daylight,2,Rain,0,No,0000000,Not Applicable,9,9:00am-9:59am,42,42,9,9:00am-9:59am,52,52,10,10:00am-10:59am,12,12,1
41,Oregon,410105,0,0,1,1,0,1,1,5,CLACKAMAS (5),0,NOT APPLICABLE,3,March,3,3,5,Thursday,2022,19,7:00pm-7:59pm,15,15,CR- S SPRINGWATER RD,NA,4,County Road,1,Rural,4,Minor Arterial,2,County Highway Agency,0,This section IS NOT on the NHS,0,No Special Jurisdiction,74,74,45.32406111,45.32406111,-122.39699722,-122.39699722,42,Tree (Standing Only),0,The First Harmful Event was Not a Collision with a Motor Vehicle in Transport,0,No,1,Non-Junction,1,Not an Intersection,4,On Roadside,0,None,2,Dark - Not Lighted,10,Cloudy,0,No,0000000,Not Applicable,99,Unknown,99,Unknown,99,Unknown EMS Scene Arrival Hour,99,Unknown EMS Scene Arrival Minutes,88,Not Applicable (Not Transported),88,Not Applicable (Not Transported),1
41,Oregon,410106,0,0,2,2,0,2,2,29,JACKSON (29),0,NOT APPLICABLE,3,March,21,21,2,Monday,2022,17,5:00pm-5:59pm,10,10,CR-WAGNER CREEK RD,NA,4,County Road,2,Urban,5,Major Collector,2,County Highway Agency,0,This section IS NOT on the NHS,0,No Special Jurisdiction,11,11,42.23675278,42.23675278,-122.79470278,-122.79470278,12,Motor Vehicle In-Transport,6,Angle,0,No,1,Non-Junction,1,Not an Intersection,1,On Roadway,0,None,5,Dusk,10,Cloudy,0,No,0000000,Not Applicable,17,5:00pm-5:59pm,12,12,17,5:00pm-5:59pm,16,16,99,Unknown,99,Unknown EMS Hospital Arrival Time,1
41,Oregon,410107,0,0,1,1,0,1,1,43,LINN (43),0,NOT APPLICABLE,3,March,22,22,3,Tuesday,2022,16,4:00pm-4:59pm,46,46,CR-BRUSH CREEK RD,NA,4,County Road,1,Rural,5,Major Collector,2,County Highway Agency,0,This section IS NOT on the NHS,0,No Special Jurisdiction,32,32,44.31922778,44.31922778,-122.81976111,-122.81976111,34,Ditch,0,The First Harmful Event was Not a Collision with a Motor Vehicle in Transport,0,No,1,Non-Junction,1,Not an Intersection,4,On Roadside,0,None,1,Daylight,1,Clear,0,No,0000000,Not Applicable,16,4:00pm-4:59pm,46,46,16,4:00pm-4:59pm,52,52,88,Not Applicable (Not Transported),88,Not Applicable (Not Transported),1
41,Oregon,410109,1,1,3,3,0,3,3,29,JACKSON (29),1310,MEDFORD,3,March,24,24,5,Thursday,2022,5,5:00am-5:59am,57,57,TABLE ROCK RD,NA,6,Local Street - Municipality,2,Urban,4,Minor Arterial,4,City or Municipal Highway Agency,0,This section IS NOT on the NHS,0,No Special Jurisdiction,0,None,42.37395,42.37395,-122.88533333,-122.88533333,8,Pedestrian,0,The First Harmful Event was Not a Collision with a Motor Vehicle in Transport,0,No,1,Non-Junction,1,Not an Intersection,1,On Roadway,0,None,2,Dark - Not Lighted,1,Clear,0,No,0000000,Not Applicable,5,5:00am-5:59am,59,59,6,6:00am-6:59am,6,6,88,Not Applicable (Not Transported),88,Not Applicable (Not Transported),1
41,Oregon,410110,0,0,2,2,0,3,3,51,MULTNOMAH (51),1650,PORTLAND,3,March,24,24,5,Thursday,2022,13,1:00pm-1:59pm,40,40,N COLUMBIA BLVD,N VANCOUVER AVE,6,Local Street - Municipality,2,Urban,3,Principal Arterial - Other,4,City or Municipal Highway Agency,1,This section IS ON the NHS,0,No Special Jurisdiction,0,None,45.58289722,45.58289722,-122.66777222,-122.66777222,12,Motor Vehicle In-Transport,6,Angle,0,No,2,Intersection,2,Four-Way Intersection,1,On Roadway,0,None,1,Daylight,10,Cloudy,0,No,0000000,Not Applicable,99,Unknown,99,Unknown,99,Unknown EMS Scene Arrival Hour,99,Unknown EMS Scene Arrival Minutes,99,Unknown,99,Unknown EMS Hospital Arrival Time,1
41,Oregon,410111,0,0,1,1,0,1,1,29,JACKSON (29),0,NOT APPLICABLE,3,March,25,25,6,Friday,2022,3,3:00am-3:59am,17,17,CR-NICK YOUND RD,NA,4,County Road,2,Urban,5,Major Collector,2,County Highway Agency,0,This section IS NOT on the NHS,0,No Special Jurisdiction,1,1,42.46322778,42.46322778,-122.81836111,-122.81836111,42,Tree (Standing Only),0,The First Harmful Event was Not a Collision with a Motor Vehicle in Transport,0,No,1,Non-Junction,1,Not an Intersection,4,On Roadside,0,None,2,Dark - Not Lighted,1,Clear,0,No,0000000,Not Applicable,3,3:00am-3:59am,31,31,3,3:00am-3:59am,37,37,88,Not Applicable (Not Transported),88,Not Applicable (Not Transported),1
41,Oregon,410112,0,0,1,1,0,1,1,5,CLACKAMAS (5),1580,OREGON CITY,3,March,22,22,3,Tuesday,2022,23,11:00pm-11:59pm,20,20,WASHINGTON ST,AGNES AVE,6,Local Street - Municipality,2,Urban,4,Minor Arterial,4,City or Municipal Highway Agency,0,This section IS NOT on the NHS,0,No Special Jurisdiction,0,None,45.37685,45.37685,-122.58761944,-122.58761944,42,Tree (Standing Only),0,The First Harmful Event was Not a Collision with a Motor Vehicle in Transport,0,No,3,Intersection-Related,3,T-Intersection,4,On Roadside,0,None,3,Dark - Lighted,2,Rain,0,No,0000000,Not Applicable,99,Unknown,99,Unknown,99,Unknown EMS Scene Arrival Hour,99,Unknown EMS Scene Arrival Minutes,88,Not Applicable (Not Transported),88,Not Applicable (Not Transported),1
41,Oregon,410113,0,0,2,2,0,2,2,43,LINN (43),0,NOT APPLICABLE,3,March,25,25,6,Friday,2022,10,10:00am-10:59am,0,0,CR-STAYTON SCIO RD,CR-COLE SCHOOL RD,4,County Road,1,Rural,4,Minor Arterial,2,County Highway Agency,0,This section IS NOT on the NHS,0,No Special Jurisdiction,32,32,44.77332222,44.77332222,-122.80458611,-122.80458611,12,Motor Vehicle In-Transport,6,Angle,0,No,2,Intersection,7,"Five Point, or More",1,On Roadway,0,None,1,Daylight,1,Clear,0,No,0000000,Not Applicable,10,10:00am-10:59am,0,0,10,10:00am-10:59am,6,6,88,Not Applicable (Not Transported),88,Not Applicable (Not Transported),1
41,Oregon,410114,0,0,2,2,0,2,2,47,MARION (47),0,NOT APPLICABLE,3,March,25,25,6,Friday,2022,13,1:00pm-1:59pm,35,35,I-5,NA,1,Interstate,1,Rural,1,Interstate,1,State Highway Agency,1,This section IS ON the NHS,0,No Special Jurisdiction,2763,2763,45.20483056,45.20483056,-122.829025,-122.829025,12,Motor Vehicle In-Transport,1,Front-to-Rear,0,No,1,Non-Junction,1,Not an Intersection,1,On Roadway,0,None,1,Daylight,10,Cloudy,0,No,0000000,Not Applicable,13,1:00pm-1:59pm,41,41,13,1:00pm-1:59pm,49,49,88,Not Applicable (Not Transported),88,Not Applicable (Not Transported),1
41,Oregon,410115,6,6,1,1,0,1,1,47,MARION (47),1810,SALEM,3,March,27,27,1,Sunday,2022,2,2:00am-2:59am,4,4,SR-99E ODOT 72,NA,3,State Highway,2,Urban,3,Principal Arterial - Other,1,State Highway Agency,1,This section IS ON the NHS,0,No Special Jurisdiction,48,48,44.94690556,44.94690556,-123.03901944,-123.03901944,8,Pedestrian,0,The First Harmful Event was Not a Collision with a Motor Vehicle in Transport,0,No,1,Non-Junction,1,Not an Intersection,5,Outside Trafficway,0,None,3,Dark - Lighted,10,Cloudy,0,No,0000000,Not Applicable,2,2:00am-2:59am,4,4,2,2:00am-2:59am,10,10,2,2:00am-2:59am,27,27,4
41,Oregon,410116,0,0,1,1,0,1,1,31,JEFFERSON (31),0,NOT APPLICABLE,3,March,21,21,2,Monday,2022,99,Unknown Hours,99,Unknown Minutes,US-26 ODOT 53,NA,2,US Highway,1,Rural,3,Principal Arterial - Other,1,State Highway Agency,1,This section IS ON the NHS,0,No Special Jurisdiction,1102,1102,44.71944167,44.71944167,-121.199175,-121.199175,1,Rollover/Overturn,0,The First Harmful Event was Not a Collision with a Motor Vehicle in Transport,0,No,1,Non-Junction,1,Not an Intersection,4,On Roadside,0,None,1,Daylight,1,Clear,0,No,0000000,Not Applicable,15,3:00pm-3:59pm,15,15,15,3:00pm-3:59pm,25,25,88,Not Applicable (Not Transported),88,Not Applicable (Not Transported),1
41,Oregon,410117,1,1,1,1,0,1,1,47,MARION (47),0,NOT APPLICABLE,3,March,31,31,5,Thursday,2022,23,11:00pm-11:59pm,55,55,CR-CORDON RD SE,NA,4,County Road,2,Urban,3,Principal Arterial - Other,2,County Highway Agency,1,This section IS ON the NHS,0,No Special Jurisdiction,20,20,44.92430278,44.92430278,-122.958425,-122.958425,8,Pedestrian,0,The First Harmful Event was Not a Collision with a Motor Vehicle in Transport,0,No,1,Non-Junction,1,Not an Intersection,1,On Roadway,0,None,2,Dark - Not Lighted,10,Cloudy,0,No,0000000,Not Applicable,23,11:00pm-11:59pm,55,55,23,11:00pm-11:59pm,58,58,88,Not Applicable (Not Transported),88,Not Applicable (Not Transported),1
41,Oregon,410118,0,0,1,1,0,4,4,57,TILLAMOOK (57),0,NOT APPLICABLE,3,March,31,31,5,Thursday,2022,21,9:00pm-9:59pm,17,17,CR-KILCHIS FOREST RD,NA,4,County Road,1,Rural,7,Local,2,County Highway Agency,0,This section IS NOT on the NHS,0,No Special Jurisdiction,0,None,45.54061667,45.54061667,-123.78418889,-123.78418889,42,Tree (Standing Only),0,The First Harmful Event was Not a Collision with a Motor Vehicle in Transport,0,No,1,Non-Junction,1,Not an Intersection,4,On Roadside,0,None,2,Dark - Not Lighted,10,Cloudy,0,No,0000000,Not Applicable,21,9:00pm-9:59pm,19,19,21,9:00pm-9:59pm,39,39,22,10:00pm-10:59pm,22,22,1
41,Oregon,410119,0,0,2,2,0,3,3,39,LANE (39),0,NOT APPLICABLE,4,April,1,1,6,Friday,2022,22,10:00pm-10:59pm,8,8,SR-126W ODOT 62,NA,3,State Highway,1,Rural,3,Principal Arterial - Other,1,State Highway Agency,1,This section IS ON the NHS,0,No Special Jurisdiction,455,455,44.05146944,44.05146944,-123.37808889,-123.37808889,12,Motor Vehicle In-Transport,2,Front-to-Front,0,No,1,Non-Junction,1,Not an Intersection,1,On Roadway,0,None,2,Dark - Not Lighted,2,Rain,0,No,0000000,Not Applicable,99,Unknown,99,Unknown,99,Unknown EMS Scene Arrival Hour,99,Unknown EMS Scene Arrival Minutes,99,Unknown,99,Unknown EMS Hospital Arrival Time,2
41,Oregon,410120,1,1,3,3,0,4,4,43,LINN (43),0,NOT APPLICABLE,4,April,2,2,7,Saturday,2022,2,2:00am-2:59am,4,4,I-5,NA,1,Interstate,2,Urban,1,Interstate,1,State Highway Agency,1,This section IS ON the NHS,0,No Special Jurisdiction,2383,2383,44.70411111,44.70411111,-123.05223889,-123.05223889,8,Pedestrian,0,The First Harmful Event was Not a Collision with a Motor Vehicle in Transport,0,No,1,Non-Junction,1,Not an Intersection,1,On Roadway,0,None,3,Dark - Lighted,10,Cloudy,0,No,0000000,Not Applicable,2,2:00am-2:59am,4,4,2,2:00am-2:59am,21,21,88,Not Applicable (Not Transported),88,Not Applicable (Not Transported),1
41,Oregon,410121,0,0,1,1,0,1,1,19,DOUGLAS (19),0,NOT APPLICABLE,4,April,3,3,1,Sunday,2022,15,3:00pm-3:59pm,0,0,SR-138E ODOT 138,NA,3,State Highway,1,Rural,4,Minor Arterial,1,State Highway Agency,0,This section IS NOT on the NHS,0,No Special Jurisdiction,858,858,43.08999444,43.08999444,-122.11959444,-122.11959444,42,Tree (Standing Only),0,The First Harmful Event was Not a Collision with a Motor Vehicle in Transport,0,No,1,Non-Junction,1,Not an Intersection,4,On Roadside,0,None,1,Daylight,1,Clear,0,No,0000000,Not Applicable,15,3:00pm-3:59pm,29,29,15,3:00pm-3:59pm,47,47,88,Not Applicable (Not Transported),88,Not Applicable (Not Transported),1
41,Oregon,410122,0,0,1,1,0,1,1,39,LANE (39),660,EUGENE,4,April,3,3,1,Sunday,2022,17,5:00pm-5:59pm,27,27,SR-126 ODOT 69,NA,3,State Highway,2,Urban,3,Principal Arterial - Other,1,State Highway Agency,1,This section IS ON the NHS,0,No Special Jurisdiction,19,19,44.04839444,44.04839444,-123.19493889,-123.19493889,31,"Post, Pole or Other Supports",0,The First Harmful Event was Not a Collision with a Motor Vehicle in Transport,0,No,1,Non-Junction,1,Not an Intersection,4,On Roadside,0,None,1,Daylight,10,Cloudy,0,No,0000000,Not Applicable,99,Unknown,99,Unknown,99,Unknown EMS Scene Arrival Hour,99,Unknown EMS Scene Arrival Minutes,88,Not Applicable (Not Transported),88,Not Applicable (Not Transported),1
41,Oregon,410123,0,0,2,2,0,2,2,39,LANE (39),660,EUGENE,4,April,4,4,2,Monday,2022,19,7:00pm-7:59pm,41,41,W 11TH AVE,NA,6,Local Street - Municipality,2,Urban,3,Principal Arterial - Other,4,City or Municipal Highway Agency,1,This section IS ON the NHS,0,No Special Jurisdiction,0,None,44.04806944,44.04806944,-123.148625,-123.148625,12,Motor Vehicle In-Transport,6,Angle,0,No,8,Driveway Access Related,1,Not an Intersection,1,On Roadway,0,None,5,Dusk,2,Rain,0,No,0000000,Not Applicable,19,7:00pm-7:59pm,42,42,19,7:00pm-7:59pm,46,46,20,8:00pm-8:59pm,17,17,1