STATE,STATENAME,ST_CASE,PEDS,PERNOTMVIT,VE_TOTAL,VE_FORMS,PVH_INVL,PERSONS,PERMVIT,COUNTY,COUNTYNAME,CITY,CITYNAME,MONTH,MONTHNAME,DAY,DAYNAME,DAY_WEEK,DAY_WEEKNAME,YEAR,HOUR,HOURNAME,MINUTE,MINUTENAME,TWAY_ID,TWAY_ID2,ROUTE,ROUTENAME,RUR_URB,RUR_URBNAME,FUNC_SYS,FUNC_SYSNAME,RD_OWNER,RD_OWNERNAME,NHS,NHSNAME,SP_JUR,SP_JURNAME,MILEPT,MILEPTNAME,LATITUDE,LATITUDENAME,LONGITUD,LONGITUDNAME,HARM_EV,HARM_EVNAME,MAN_COLL,MAN_COLLNAME,RELJCT1,RELJCT1NAME,RELJCT2,RELJCT2NAME,TYP_INT,TYP_INTNAME,REL_ROAD,REL_ROADNAME,WRK_ZONE,WRK_ZONENAME,LGT_COND,LGT_CONDNAME,WEATHER,WEATHERNAME,SCH_BUS,SCH_BUSNAME,RAIL,RAILNAME,NOT_HOUR,NOT_HOURNAME,NOT_MIN,NOT_MINNAME,ARR_HOUR,ARR_HOURNAME,ARR_MIN,ARR_MINNAME,HOSP_HR,HOSP_HRNAME,HOSP_MN,HOSP_MNNAME,FATALS
41,Oregon,410166,0,0,2,2,0,4,4,43,LINN (43),0,NOT APPLICABLE,5,May,14,14,7,Saturday,2022,16,4:00pm-4:59pm,45,45,SR-20 ODOT 16,NA,3,State Highway,1,Rural,3,Principal Arterial - Other,1,State Highway Agency,1,This section IS ON the NHS,0,No Special Jurisdiction,227,227,44.44248889,44.44248889,-122.78795,-122.78795,12,Motor Vehicle In-Transport,2,Front-to-Front,0,No,1,Non-Junction,1,Not an Intersection,1,On Roadway,0,None,1,Daylight,1,Clear,0,No,0000000,Not Applicable,16,4:00pm-4:59pm,45,45,16,4:00pm-4:59pm,49,49,17,5:00pm-5:59pm,8,8,2
41,Oregon,410167,0,0,2,2,0,3,3,51,MULTNOMAH (51),1650,PORTLAND,5,May,14,14,7,Saturday,2022,15,3:00pm-3:59pm,43,43,SR-26 ODOT 26,SE 62ND AVE,3,State Highway,2,Urban,3,Principal Arterial - Other,1,State Highway Agency,1,This section IS ON the NHS,0,No Special Jurisdiction,40,40,45.49743333,45.49743333,-122.599375,-122.599375,12,Motor Vehicle In-Transport,6,Angle,0,No,2,Intersection,2,Four-Way Intersection,1,On Roadway,0,None,1,Daylight,10,Cloudy,0,No,0000000,Not Applicable,15,3:00pm-3:59pm,44,44,15,3:00pm-3:59pm,58,58,16,4:00pm-4:59pm,16,16,1
41,Oregon,410168,0,0,1,1,0,1,1,35,KLAMATH (35),0,NOT APPLICABLE,5,May,15,15,1,Sunday,2022,99,Unknown Hours,99,Unknown Minutes,SR-39 ODOT 426,SR-50 ODOT 50,3,State Highway,1,Rural,3,Principal Arterial - Other,1,State Highway Agency,1,This section IS ON the NHS,0,No Special Jurisdiction,166,166,42.02389722,42.02389722,-121.54938333,-121.54938333,1,Rollover/Overturn,0,The First Harmful Event was Not a Collision with a Motor Vehicle in Transport,0,No,3,Intersection-Related,4,Y-Intersection,4,On Roadside,0,None,9,Reported as Unknown,1,Clear,0,No,0000000,Not Applicable,18,6:00pm-6:59pm,23,23,18,6:00pm-6:59pm,30,30,88,Not Applicable (Not Transported),88,Not Applicable (Not Transported),1
41,Oregon,410169,0,0,1,1,0,1,1,1,BAKER (1),0,NOT APPLICABLE,5,May,15,15,1,Sunday,2022,16,4:00pm-4:59pm,18,18,I-84,NA,1,Interstate,1,Rural,1,Interstate,1,State Highway Agency,1,This section IS ON the NHS,0,No Special Jurisdiction,3270,3270,44.59226944,44.59226944,-117.46874444,-117.46874444,34,Ditch,0,The First Harmful Event was Not a Collision with a Motor Vehicle in Transport,0,No,1,Non-Junction,1,Not an Intersection,4,On Roadside,0,None,1,Daylight,1,Clear,0,No,0000000,Not Applicable,16,4:00pm-4:59pm,18,18,16,4:00pm-4:59pm,36,36,88,Not Applicable (Not Transported),88,Not Applicable (Not Transported),1
41,Oregon,410170,0,0,1,1,0,1,1,51,MULTNOMAH (51),0,NOT APPLICABLE,3,March,5,5,7,Saturday,2022,19,7:00pm-7:59pm,37,37,CR-SE POWELL VALLEY RD,NA,4,County Road,2,Urban,7,Local,2,County Highway Agency,0,This section IS NOT on the NHS,0,No Special Jurisdiction,0,None,45.47219722,45.47219722,-122.36674722,-122.36674722,30,Utility Pole/Light Support,0,The First Harmful Event was Not a Collision with a Motor Vehicle in Transport,0,No,1,Non-Junction,1,Not an Intersection,4,On Roadside,0,None,2,Dark - Not Lighted,1,Clear,0,No,0000000,Not Applicable,19,7:00pm-7:59pm,38,38,19,7:00pm-7:59pm,42,42,88,Not Applicable (Not Transported),88,Not Applicable (Not Transported),1
41,Oregon,410171,0,0,1,1,0,1,1,29,JACKSON (29),0,NOT APPLICABLE,5,May,11,11,4,Wednesday,2022,3,3:00am-3:59am,0,0,CR-E EVANS CREEK RD,NA,4,County Road,1,Rural,5,Major Collector,2,County Highway Agency,0,This section IS NOT on the NHS,0,No Special Jurisdiction,237,237,42.52739444,42.52739444,-123.16361111,-123.16361111,35,Embankment,0,The First Harmful Event was Not a Collision with a Motor Vehicle in Transport,0,No,1,Non-Junction,1,Not an Intersection,4,On Roadside,0,None,2,Dark - Not Lighted,1,Clear,0,No,0000000,Not Applicable,99,Unknown,99,Unknown,99,Unknown EMS Scene Arrival Hour,99,Unknown EMS Scene Arrival Minutes,88,Not Applicable (Not Transported),88,Not Applicable (Not Transported),1
41,Oregon,410172,0,0,2,2,0,3,3,57,TILLAMOOK (57),0,NOT APPLICABLE,5,May,17,17,3,Tuesday,2022,10,10:00am-10:59am,48,48,CR-MIAMI FOLEY RD,NA,4,County Road,1,Rural,5,Major Collector,2,County Highway Agency,0,This section IS NOT on the NHS,0,No Special Jurisdiction,47,47,45.61225556,45.61225556,-123.86888333,-123.86888333,12,Motor Vehicle In-Transport,8,Sideswipe - Opposite Direction,0,No,1,Non-Junction,1,Not an Intersection,1,On Roadway,0,None,1,Daylight,10,Cloudy,0,No,0000000,Not Applicable,10,10:00am-10:59am,48,48,11,11:00am-11:59am,6,6,88,Not Applicable (Not Transported),88,Not Applicable (Not Transported),1
41,Oregon,410173,0,0,1,1,0,1,1,1,BAKER (1),130,BAKER CITY,5,May,17,17,3,Tuesday,2022,16,4:00pm-4:59pm,19,19,I-84 CONNECTION,NA,1,Interstate,2,Urban,1,Interstate,1,State Highway Agency,1,This section IS ON the NHS,0,No Special Jurisdiction,3046,3046,44.78224444,44.78224444,-117.80978611,-117.80978611,24,Guardrail Face,0,The First Harmful Event was Not a Collision with a Motor Vehicle in Transport,1,Yes,5,Entrance/Exit Ramp Related,1,Not an Intersection,4,On Roadside,0,None,1,Daylight,1,Clear,0,No,0000000,Not Applicable,16,4:00pm-4:59pm,19,19,16,4:00pm-4:59pm,24,24,88,Not Applicable (Not Transported),88,Not Applicable (Not Transported),1
41,Oregon,410174,1,1,1,1,0,1,1,5,CLACKAMAS (5),1580,OREGON CITY,5,May,6,6,6,Friday,2022,9,9:00am-9:59am,40,40,MOLALLA AVE,WARNER MILINE RD,6,Local Street - Municipality,2,Urban,4,Minor Arterial,4,City or Municipal Highway Agency,0,This section IS NOT on the NHS,0,No Special Jurisdiction,0,None,45.33673333,45.33673333,-122.59100833,-122.59100833,8,Pedestrian,0,The First Harmful Event was Not a Collision with a Motor Vehicle in Transport,0,No,3,Intersection-Related,2,Four-Way Intersection,1,On Roadway,0,None,1,Daylight,2,Rain,0,No,0000000,Not Applicable,9,9:00am-9:59am,40,40,9,9:00am-9:59am,43,43,10,10:00am-10:59am,25,25,1
41,Oregon,410175,0,0,2,2,0,3,3,47,MARION (47),0,NOT APPLICABLE,5,May,20,20,6,Friday,2022,16,4:00pm-4:59pm,25,25,SR-219 ODOT 140,FRENCH PRAIRIE RD NE,3,State Highway,1,Rural,4,Minor Arterial,1,State Highway Agency,0,This section IS NOT on the NHS,0,No Special Jurisdiction,329,329,45.16638056,45.16638056,-122.94683611,-122.94683611,12,Motor Vehicle In-Transport,2,Front-to-Front,0,No,2,Intersection,3,T-Intersection,1,On Roadway,0,None,1,Daylight,1,Clear,0,No,0000000,Not Applicable,16,4:00pm-4:59pm,28,28,99,Unknown EMS Scene Arrival Hour,99,Unknown EMS Scene Arrival Minutes,88,Not Applicable (Not Transported),88,Not Applicable (Not Transported),1
41,Oregon,410176,0,0,2,2,0,5,5,5,CLACKAMAS (5),0,NOT APPLICABLE,5,May,20,20,6,Friday,2022,11,11:00am-11:59am,56,56,CR-S NEW ERA RD,NA,4,County Road,1,Rural,6,Minor Collector,2,County Highway Agency,0,This section IS NOT on the NHS,0,No Special Jurisdiction,10,10,45.29323889,45.29323889,-122.62008889,-122.62008889,12,Motor Vehicle In-Transport,6,Angle,0,No,1,Non-Junction,1,Not an Intersection,1,On Roadway,0,None,1,Daylight,1,Clear,0,No,0000000,Not Applicable,11,11:00am-11:59am,58,58,12,12:00pm-12:59pm,2,2,12,12:00pm-12:59pm,28,28,1
41,Oregon,410177,0,0,1,1,0,1,1,41,LINCOLN (41),0,NOT APPLICABLE,5,May,22,22,1,Sunday,2022,23,11:00pm-11:59pm,56,56,SR-20 ODOT 33,NA,3,State Highway,1,Rural,3,Principal Arterial - Other,1,State Highway Agency,1,This section IS ON the NHS,0,No Special Jurisdiction,107,107,44.67629167,44.67629167,-123.87846111,-123.87846111,42,Tree (Standing Only),0,The First Harmful Event was Not a Collision with a Motor Vehicle in Transport,0,No,1,Non-Junction,1,Not an Intersection,4,On Roadside,0,None,2,Dark - Not Lighted,10,Cloudy,0,No,0000000,Not Applicable,12,12:00pm-12:59pm,0,0,99,Unknown EMS Scene Arrival Hour,99,Unknown EMS Scene Arrival Minutes,88,Not Applicable (Not Transported),88,Not Applicable (Not Transported),1
41,Oregon,410178,0,0,2,2,0,2,2,59,UMATILLA (59),0,NOT APPLICABLE,5,May,21,21,7,Saturday,2022,17,5:00pm-5:59pm,15,15,CR-E PUNKIN CENTER RD,NA,4,County Road,2,Urban,5,Major Collector,2,County Highway Agency,0,This section IS NOT on the NHS,0,No Special Jurisdiction,14,14,45.86458056,45.86458056,-119.27588056,-119.27588056,12,Motor Vehicle In-Transport,2,Front-to-Front,0,No,1,Non-Junction,1,Not an Intersection,1,On Roadway,0,None,1,Daylight,1,Clear,0,No,0000000,Not Applicable,17,5:00pm-5:59pm,16,16,17,5:00pm-5:59pm,20,20,99,Unknown,99,Unknown EMS Hospital Arrival Time,1
41,Oregon,410179,0,0,2,2,0,3,3,33,JOSEPHINE (33),0,NOT APPLICABLE,5,May,23,23,2,Monday,2022,10,10:00am-10:59am,28,28,US-199 ODOT 25,NA,2,US Highway,1,Rural,3,Principal Arterial - Other,1,State Highway Agency,1,This section IS ON the NHS,0,No Special Jurisdiction,190,190,42.30003611,42.30003611,-123.61183611,-123.61183611,1,Rollover/Overturn,0,The First Harmful Event was Not a Collision with a Motor Vehicle in Transport,0,No,1,Non-Junction,1,Not an Intersection,1,On Roadway,0,None,1,Daylight,1,Clear,0,No,0000000,Not Applicable,10,10:00am-10:59am,29,29,11,11:00am-11:59am,1,1,11,11:00am-11:59am,23,23,1
41,Oregon,410180,0,0,1,1,0,3,3,19,DOUGLAS (19),0,NOT APPLICABLE,5,May,20,20,6,Friday,2022,17,5:00pm-5:59pm,55,55,CR-GOODRICH HWY,CR-WILD HORSE LN,4,County Road,1,Rural,6,Minor Collector,2,County Highway Agency,0,This section IS NOT on the NHS,0,No Special Jurisdiction,16,16,43.47025,43.47025,-123.29653889,-123.29653889,43,Other Fixed Object,0,The First Harmful Event was Not a Collision with a Motor Vehicle in Transport,0,No,3,Intersection-Related,3,T-Intersection,4,On Roadside,0,None,1,Daylight,1,Clear,0,No,0000000,Not Applicable,18,6:00pm-6:59pm,16,16,18,6:00pm-6:59pm,35,35,19,7:00pm-7:59pm,13,13,1
41,Oregon,410181,0,0,1,1,0,4,4,19,DOUGLAS (19),0,NOT APPLICABLE,5,May,25,25,4,Wednesday,2022,20,8:00pm-8:59pm,23,23,SR-138E ODOT 138,NA,3,State Highway,1,Rural,4,Minor Arterial,1,State Highway Agency,0,This section IS NOT on the NHS,0,No Special Jurisdiction,776,776,43.18167778,43.18167778,-122.13094722,-122.13094722,30,Utility Pole/Light Support,0,The First Harmful Event was Not a Collision with a Motor Vehicle in Transport,0,No,1,Non-Junction,1,Not an Intersection,4,On Roadside,0,None,2,Dark - Not Lighted,1,Clear,0,No,0000000,Not Applicable,20,8:00pm-8:59pm,23,23,99,Unknown EMS Scene Arrival Hour,99,Unknown EMS Scene Arrival Minutes,99,Unknown,99,Unknown EMS Hospital Arrival Time,1
41,Oregon,410182,0,0,3,3,0,3,3,51,MULTNOMAH (51),1650,PORTLAND,5,May,27,27,6,Friday,2022,16,4:00pm-4:59pm,15,15,US-30 ODOT 92,NA,2,US Highway,2,Urban,3,Principal Arterial - Other,1,State Highway Agency,1,This section IS ON the NHS,0,No Special Jurisdiction,36,36,45.55269722,45.55269722,-122.72763333,-122.72763333,12,Motor Vehicle In-Transport,2,Front-to-Front,0,No,1,Non-Junction,1,Not an Intersection,1,On Roadway,0,None,1,Daylight,10,Cloudy,0,No,0000000,Not Applicable,16,4:00pm-4:59pm,18,18,16,4:00pm-4:59pm,42,42,16,4:00pm-4:59pm,54,54,1
41,Oregon,410183,0,0,2,2,0,2,2,7,CLATSOP (7),0,NOT APPLICABLE,5,May,28,28,7,Saturday,2022,11,11:00am-11:59am,50,50,US-26 ODOT 47,NA,2,US Highway,1,Rural,3,Principal Arterial - Other,1,State Highway Agency,1,This section IS ON the NHS,0,No Special Jurisdiction,101,101,45.90629444,45.90629444,-123.74653056,-123.74653056,12,Motor Vehicle In-Transport,2,Front-to-Front,0,No,1,Non-Junction,1,Not an Intersection,1,On Roadway,0,None,1,Daylight,2,Rain,0,No,0000000,Not Applicable,11,11:00am-11:59am,55,55,12,12:00pm-12:59pm,5,5,99,Unknown,99,Unknown EMS Hospital Arrival Time,2
41,Oregon,410184,0,0,1,1,0,1,1,51,MULTNOMAH (51),1650,PORTLAND,5,May,31,31,3,Tuesday,2022,5,5:00am-5:59am,32,32,NE 102ND AVE,NA,6,Local Street - Municipality,2,Urban,4,Minor Arterial,4,City or Municipal Highway Agency,0,This section IS NOT on the NHS,0,No Special Jurisdiction,0,None,45.5551,45.5551,-122.55770833,-122.55770833,30,Utility Pole/Light Support,0,The First Harmful Event was Not a Collision with a Motor Vehicle in Transport,0,No,1,Non-Junction,1,Not an Intersection,4,On Roadside,0,None,4,Dawn,1,Clear,0,No,0000000,Not Applicable,99,Unknown,99,Unknown,99,Unknown EMS Scene Arrival Hour,99,Unknown EMS Scene Arrival Minutes,88,Not Applicable (Not Transported),88,Not Applicable (Not Transported),1
41,Oregon,410186,0,0,2,2,0,2,2,3,BENTON (3),0,NOT APPLICABLE,5,May,31,31,3,Tuesday,2022,18,6:00pm-6:59pm,10,10,SR-20 ODOT 33,NA,3,State Highway,1,Rural,3,Principal Arterial - Other,1,State Highway Agency,1,This section IS ON the NHS,0,No Special Jurisdiction,358,358,44.60033889,44.60033889,-123.56901111,-123.56901111,12,Motor Vehicle In-Transport,6,Angle,0,No,1,Non-Junction,1,Not an Intersection,1,On Roadway,0,None,1,Daylight,1,Clear,0,No,0000000,Not Applicable,18,6:00pm-6:59pm,15,15,18,6:00pm-6:59pm,25,25,88,Not Applicable (Not Transported),88,Not Applicable (Not Transported),1
41,Oregon,410187,0,0,1,1,0,1,1,39,LANE (39),0,NOT APPLICABLE,6,June,1,1,4,Wednesday,2022,14,2:00pm-2:59pm,40,40,CR-GIMPL HILL RD,NA,4,County Road,2,Urban,6,Minor Collector,2,County Highway Agency,0,This section IS NOT on the NHS,0,No Special Jurisdiction,6,6,44.02128611,44.02128611,-123.17976944,-123.17976944,30,Utility Pole/Light Support,0,The First Harmful Event was Not a Collision with a Motor Vehicle in Transport,0,No,1,Non-Junction,1,Not an Intersection,4,On Roadside,0,None,1,Daylight,1,Clear,0,No,0000000,Not Applicable,14,2:00pm-2:59pm,46,46,15,3:00pm-3:59pm,0,0,88,Not Applicable (Not Transported),88,Not Applicable (Not Transported),1
41,Oregon,410189,0,0,2,2,0,2,2,39,LANE (39),0,NOT APPLICABLE,6,June,2,2,5,Thursday,2022,22,10:00pm-10:59pm,34,34,CR-RIVER RD,NA,4,County Road,1,Rural,4,Minor Arterial,2,County Highway Agency,0,This section IS NOT on the NHS,0,No Special Jurisdiction,25,25,44.19893056,44.19893056,-123.17166389,-123.17166389,12,Motor Vehicle In-Transport,6,Angle,0,No,8,Driveway Access Related,1,Not an Intersection,1,On Roadway,0,None,2,Dark - Not Lighted,1,Clear,0,No,0000000,Not Applicable,99,Unknown,99,Unknown,99,Unknown EMS Scene Arrival Hour,99,Unknown EMS Scene Arrival Minutes,88,Not Applicable (Not Transported),88,Not Applicable (Not Transported),1
41,Oregon,410191,0,0,1,1,0,2,2,61,UNION (61),0,NOT APPLICABLE,6,June,5,5,1,Sunday,2022,19,7:00pm-7:59pm,55,55,SR-82 ODOT 10,NA,3,State Highway,1,Rural,3,Principal Arterial - Other,1,State Highway Agency,1,This section IS ON the NHS,0,No Special Jurisdiction,320,320,45.60226667,45.60226667,-117.73072778,-117.73072778,1,Rollover/Overturn,0,The First Harmful Event was Not a Collision with a Motor Vehicle in Transport,0,No,1,Non-Junction,1,Not an Intersection,1,On Roadway,0,None,1,Daylight,2,Rain,0,No,0000000,Not Applicable,19,7:00pm-7:59pm,55,55,20,8:00pm-8:59pm,3,3,99,Unknown,99,Unknown EMS Hospital Arrival Time,1
41,Oregon,410192,0,0,1,1,0,1,1,33,JOSEPHINE (33),0,NOT APPLICABLE,6,June,4,4,7,Saturday,2022,10,10:00am-10:59am,10,10,CR-SPEAKER RD,NA,4,County Road,1,Rural,7,Local,2,County Highway Agency,0,This section IS NOT on the NHS,0,No Special Jurisdiction,41,41,42.72003333,42.72003333,-123.33031111,-123.33031111,35,Embankment,0,The First Harmful Event was Not a Collision with a Motor Vehicle in Transport,0,No,1,Non-Junction,1,Not an Intersection,4,On Roadside,0,None,1,Daylight,2,Rain,0,No,0000000,Not Applicable,10,10:00am-10:59am,10,10,10,10:00am-10:59am,34,34,88,Not Applicable (Not Transported),88,Not Applicable (Not Transported),1
41,Oregon,410194,1,1,1,1,0,1,1,51,MULTNOMAH (51),1650,PORTLAND,6,June,7,7,3,Tuesday,2022,13,1:00pm-1:59pm,33,33,NE GLISAN ST,NE 102ND AVE,6,Local Street - Municipality,2,Urban,3,Principal Arterial - Other,4,City or Municipal Highway Agency,1,This section IS ON the NHS,0,No Special Jurisdiction,0,None,45.52621667,45.52621667,-122.55802222,-122.55802222,9,Pedalcyclist,0,The First Harmful Event was Not a Collision with a Motor Vehicle in Transport,0,No,3,Intersection-Related,2,Four-Way Intersection,1,On Roadway,0,None,1,Daylight,98,Not Reported,0,No,0000000,Not Applicable,99,Unknown,99,Unknown,99,Unknown EMS Scene Arrival Hour,99,Unknown EMS Scene Arrival Minutes,88,Not Applicable (Not Transported),88,Not Applicable (Not Transported),1
41,Oregon,410195,1,1,1,1,0,1,1,29,JACKSON (29),1310,MEDFORD,6,June,8,8,4,Wednesday,2022,22,10:00pm-10:59pm,39,39,CRATER LAKE AVE,NA,6,Local Street - Municipality,2,Urban,4,Minor Arterial,4,City or Municipal Highway Agency,0,This section IS NOT on the NHS,0,No Special Jurisdiction,0,None,42.33578333,42.33578333,-122.86174444,-122.86174444,8,Pedestrian,0,The First Harmful Event was Not a Collision with a Motor Vehicle in Transport,0,No,1,Non-Junction,1,Not an Intersection,1,On Roadway,0,None,3,Dark - Lighted,1,Clear,0,No,0000000,Not Applicable,22,10:00pm-10:59pm,42,42,22,10:00pm-10:59pm,45,45,23,11:00pm-11:59pm,6,6,1
41,Oregon,410196,0,0,2,2,0,2,2,51,MULTNOMAH (51),880,GRESHAM,3,March,25,25,6,Friday,2022,20,8:00pm-8:59pm,36,36,NE 162ND AVE,NA,6,Local Street - Municipality,2,Urban,4,Minor Arterial,4,City or Municipal Highway Agency,0,This section IS NOT on the NHS,0,No Special Jurisdiction,0,None,45.53168333,45.53168333,-122.49596944,-122.49596944,12,Motor Vehicle In-Transport,2,Front-to-Front,0,No,1,Non-Junction,1,Not an Intersection,1,On Roadway,0,None,2,Dark - Not Lighted,1,Clear,0,No,0000000,Not Applicable,20,8:00pm-8:59pm,37,37,20,8:00pm-8:59pm,42,42,21,9:00pm-9:59pm,6,6,1
41,Oregon,410197,1,1,1,1,0,1,1,51,MULTNOMAH (51),880,GRESHAM,6,June,11,11,7,Saturday,2022,22,10:00pm-10:59pm,0,0,NE 162ND AVE,NA,6,Local Street - Municipality,2,Urban,4,Minor Arterial,4,City or Municipal Highway Agency,0,This section IS NOT on the NHS,0,No Special Jurisdiction,0,None,45.522525,45.522525,-122.49641389,-122.49641389,15,Non-Motorist on Personal Conveyance,0,The First Harmful Event was Not a Collision with a Motor Vehicle in Transport,0,No,1,Non-Junction,1,Not an Intersection,1,On Roadway,0,None,3,Dark - Lighted,10,Cloudy,0,No,0000000,Not Applicable,22,10:00pm-10:59pm,48,48,22,10:00pm-10:59pm,51,51,23,11:00pm-11:59pm,26,26,1
41,Oregon,410198,0,0,2,2,0,2,2,43,LINN (43),20,ALBANY,6,June,13,13,2,Monday,2022,12,12:00pm-12:59pm,29,29,SR-99 ODOT 58,ELLINGSON RD SW,3,State Highway,2,Urban,3,Principal Arterial - Other,1,State Highway Agency,1,This section IS ON the NHS,0,No Special Jurisdiction,54,54,44.58929722,44.58929722,-123.10975278,-123.10975278,12,Motor Vehicle In-Transport,6,Angle,0,No,2,Intersection,2,Four-Way Intersection,1,On Roadway,0,None,1,Daylight,10,Cloudy,0,No,0000000,Not Applicable,12,12:00pm-12:59pm,31,31,12,12:00pm-12:59pm,36,36,88,Not Applicable (Not Transported),88,Not Applicable (Not Transported),1
41,Oregon,410199,0,0,2,2,0,2,2,51,MULTNOMAH (51),670,FAIRVIEW,6,June,13,13,2,Monday,2022,21,9:00pm-9:59pm,19,19,I-84 RAMP,NE FAIRVIEW PKWY,1,Interstate,2,Urban,3,Principal Arterial - Other,1,State Highway Agency,1,This section IS ON the NHS,0,No Special Jurisdiction,145,145,45.54051389,45.54051389,-122.44951111,-122.44951111,12,Motor Vehicle In-Transport,6,Angle,1,Yes,2,Intersection,3,T-Intersection,1,On Roadway,0,None,3,Dark - Lighted,2,Rain,0,No,0000000,Not Applicable,21,9:00pm-9:59pm,19,19,99,Unknown EMS Scene Arrival Hour,99,Unknown EMS Scene Arrival Minutes,88,Not Applicable (Not Transported),88,Not Applicable (Not Transported),1
41,Oregon,410200,0,0,2,2,0,3,3,39,LANE (39),0,NOT APPLICABLE,6,June,14,14,3,Tuesday,2022,18,6:00pm-6:59pm,31,31,CR-JASPER-LOWELL RD,NA,4,County Road,1,Rural,5,Major Collector,2,County Highway Agency,0,This section IS NOT on the NHS,0,No Special Jurisdiction,31,31,43.972875,43.972875,-122.86042778,-122.86042778,12,Motor Vehicle In-Transport,2,Front-to-Front,0,No,1,Non-Junction,1,Not an Intersection,1,On Roadway,0,None,1,Daylight,10,Cloudy,0,No,0000000,Not Applicable,18,6:00pm-6:59pm,33,33,18,6:00pm-6:59pm,45,45,19,7:00pm-7:59pm,9,9,1
41,Oregon,410202,0,0,2,2,0,3,3,5,CLACKAMAS (5),0,NOT APPLICABLE,1,January,15,15,7,Saturday,2022,23,11:00pm-11:59pm,5,5,CR-SE JOHNSON CREEK BLVD,CR-SE LINWOOD AVE,4,County Road,2,Urban,4,Minor Arterial,2,County Highway Agency,0,This section IS NOT on the NHS,0,No Special Jurisdiction,9,9,45.45610278,45.45610278,-122.59903889,-122.59903889,12,Motor Vehicle In-Transport,6,Angle,0,No,2,Intersection,3,T-Intersection,1,On Roadway,0,None,3,Dark - Lighted,1,Clear,0,No,0000000,Not Applicable,23,11:00pm-11:59pm,6,6,23,11:00pm-11:59pm,15,15,23,11:00pm-11:59pm,37,37,1
41,Oregon,410203,0,0,2,2,0,2,2,67,WASHINGTON (67),0,NOT APPLICABLE,1,January,7,7,6,Friday,2022,18,6:00pm-6:59pm,0,0,CR-SW BEEF BEND RD,CR-SW MYRTLE AVE,4,County Road,2,Urban,4,Minor Arterial,2,County Highway Agency,0,This section IS NOT on the NHS,0,No Special Jurisdiction,0,None,45.40280556,45.40280556,-122.82336111,-122.82336111,12,Motor Vehicle In-Transport,6,Angle,0,No,2,Intersection,3,T-Intersection,1,On Roadway,0,None,2,Dark - Not Lighted,2,Rain,0,No,0000000,Not Applicable,18,6:00pm-6:59pm,0,0,18,6:00pm-6:59pm,5,5,99,Unknown,99,Unknown EMS Hospital Arrival Time,1
41,Oregon,410204,0,0,1,1,0,1,1,7,CLATSOP (7),0,NOT APPLICABLE,1,January,16,16,1,Sunday,2022,11,11:00am-11:59am,8,8,CR-BROWNSMEAD DIKE LN,NA,4,County Road,1,Rural,7,Local,2,County Highway Agency,0,This section IS NOT on the NHS,0,No Special Jurisdiction,16,16,46.21652222,46.21652222,-123.54085833,-123.54085833,3,Immersion or Partial Immersion,0,The First Harmful Event was Not a Collision with a Motor Vehicle in Transport,0,No,1,Non-Junction,1,Not an Intersection,4,On Roadside,0,None,1,Daylight,98,Not Reported,0,No,0000000,Not Applicable,99,Unknown,99,Unknown,99,Unknown EMS Scene Arrival Hour,99,Unknown EMS Scene Arrival Minutes,88,Not Applicable (Not Transported),88,Not Applicable (Not Transported),1
41,Oregon,410205,0,0,1,1,0,1,1,5,CLACKAMAS (5),0,NOT APPLICABLE,1,January,24,24,2,Monday,2022,23,11:00pm-11:59pm,46,46,CR-SE FIRWOOD RD,NA,4,County Road,1,Rural,5,Major Collector,2,County Highway Agency,0,This section IS NOT on the NHS,0,No Special Jurisdiction,22,22,45.35284444,45.35284444,-122.23527222,-122.23527222,34,Ditch,0,The First Harmful Event was Not a Collision with a Motor Vehicle in Transport,0,No,1,Non-Junction,1,Not an Intersection,4,On Roadside,0,None,2,Dark - Not Lighted,10,Cloudy,0,No,0000000,Not Applicable,0,0:00am-0:59am,3,3,0,0:00am-0:59am,5,5,1,1:00am-1:59am,8,8,1
41,Oregon,410206,0,0,3,3,0,4,4,39,LANE (39),660,EUGENE,2,February,4,4,6,Friday,2022,16,4:00pm-4:59pm,45,45,SR-126W ODOT 69,NA,3,State Highway,2,Urban,3,Principal Arterial - Other,1,State Highway Agency,1,This section IS ON the NHS,0,No Special Jurisdiction,20,20,44.04839722,44.04839722,-123.19343611,-123.19343611,12,Motor Vehicle In-Transport,6,Angle,0,No,8,Driveway Access Related,1,Not an Intersection,1,On Roadway,0,None,1,Daylight,1,Clear,0,No,0000000,Not Applicable,16,4:00pm-4:59pm,99,Unknown,99,Unknown EMS Scene Arrival Hour,99,Unknown EMS Scene Arrival Minutes,99,Unknown,99,Unknown EMS Hospital Arrival Time,1
41,Oregon,410207,0,0,3,3,0,5,5,29,JACKSON (29),0,NOT APPLICABLE,2,February,12,12,7,Saturday,2022,17,5:00pm-5:59pm,44,44,I-5,NA,1,Interstate,2,Urban,1,Interstate,1,State Highway Agency,1,This section IS ON the NHS,0,No Special Jurisdiction,420,420,42.430575,42.430575,-123.06396389,-123.06396389,12,Motor Vehicle In-Transport,2,Front-to-Front,0,No,1,Non-Junction,1,Not an Intersection,1,On Roadway,0,None,5,Dusk,1,Clear,0,No,0000000,Not Applicable,17,5:00pm-5:59pm,46,46,18,6:00pm-6:59pm,0,0,18,6:00pm-6:59pm,28,28,1