STATE,STATENAME,ST_CASE,PEDS,PERNOTMVIT,VE_TOTAL,VE_FORMS,PVH_INVL,PERSONS,PERMVIT,COUNTY,COUNTYNAME,CITY,CITYNAME,MONTH,MONTHNAME,DAY,DAYNAME,DAY_WEEK,DAY_WEEKNAME,YEAR,HOUR,HOURNAME,MINUTE,MINUTENAME,TWAY_ID,TWAY_ID2,ROUTE,ROUTENAME,RUR_URB,RUR_URBNAME,FUNC_SYS,FUNC_SYSNAME,RD_OWNER,RD_OWNERNAME,NHS,NHSNAME,SP_JUR,SP_JURNAME,MILEPT,MILEPTNAME,LATITUDE,LATITUDENAME,LONGITUD,LONGITUDNAME,HARM_EV,HARM_EVNAME,MAN_COLL,MAN_COLLNAME,RELJCT1,RELJCT1NAME,RELJCT2,RELJCT2NAME,TYP_INT,TYP_INTNAME,REL_ROAD,REL_ROADNAME,WRK_ZONE,WRK_ZONENAME,LGT_COND,LGT_CONDNAME,WEATHER,WEATHERNAME,SCH_BUS,SCH_BUSNAME,RAIL,RAILNAME,NOT_HOUR,NOT_HOURNAME,NOT_MIN,NOT_MINNAME,ARR_HOUR,ARR_HOURNAME,ARR_MIN,ARR_MINNAME,HOSP_HR,HOSP_HRNAME,HOSP_MN,HOSP_MNNAME,FATALS
41,Oregon,410248,1,1,1,1,0,1,1,51,MULTNOMAH (51),1650,PORTLAND,7,July,10,10,1,Sunday,2022,22,10:00pm-10:59pm,13,13,N CHAUTAUQUA BLVD,N JUNEAU ST,6,Local Street - Municipality,2,Urban,5,Major Collector,4,City or Municipal Highway Agency,0,This section IS NOT on the NHS,0,No Special Jurisdiction,0,None,45.59018889,45.59018889,-122.70533611,-122.70533611,9,Pedalcyclist,0,The First Harmful Event was Not a Collision with a Motor Vehicle in Transport,0,No,2,Intersection,2,Four-Way Intersection,1,On Roadway,0,None,3,Dark - Lighted,1,Clear,0,No,0000000,Not Applicable,22,10:00pm-10:59pm,13,13,22,10:00pm-10:59pm,16,16,88,Not Applicable (Not Transported),88,Not Applicable (Not Transported),1
41,Oregon,410249,0,0,1,1,0,1,1,13,CROOK (13),0,NOT APPLICABLE,7,July,8,8,6,Friday,2022,20,8:00pm-8:59pm,26,26,SR-126 ODOT 41,NA,3,State Highway,1,Rural,3,Principal Arterial - Other,1,State Highway Agency,1,This section IS ON the NHS,0,No Special Jurisdiction,120,120,44.24788889,44.24788889,-120.94425,-120.94425,35,Embankment,0,The First Harmful Event was Not a Collision with a Motor Vehicle in Transport,0,No,1,Non-Junction,1,Not an Intersection,4,On Roadside,0,None,5,Dusk,1,Clear,0,No,0000000,Not Applicable,20,8:00pm-8:59pm,28,28,20,8:00pm-8:59pm,38,38,99,Unknown,99,Unknown EMS Hospital Arrival Time,1
41,Oregon,410250,0,0,2,2,0,2,2,51,MULTNOMAH (51),1650,PORTLAND,3,March,14,14,2,Monday,2022,6,6:00am-6:59am,30,30,SR-99 ODOT 81,SE HOLGATE BLVD,3,State Highway,2,Urban,3,Principal Arterial - Other,1,State Highway Agency,1,This section IS ON the NHS,0,No Special Jurisdiction,23,23,45.49031667,45.49031667,-122.65393611,-122.65393611,12,Motor Vehicle In-Transport,6,Angle,0,No,2,Intersection,3,T-Intersection,1,On Roadway,0,None,3,Dark - Lighted,2,Rain,0,No,0000000,Not Applicable,6,6:00am-6:59am,30,30,6,6:00am-6:59am,37,37,6,6:00am-6:59am,49,49,1
41,Oregon,410251,1,1,1,1,0,1,1,51,MULTNOMAH (51),880,GRESHAM,5,May,25,25,4,Wednesday,2022,22,10:00pm-10:59pm,35,35,SE ORIENT DR,NA,6,Local Street - Municipality,2,Urban,4,Minor Arterial,4,City or Municipal Highway Agency,0,This section IS NOT on the NHS,0,No Special Jurisdiction,0,None,45.47986667,45.47986667,-122.39010278,-122.39010278,8,Pedestrian,0,The First Harmful Event was Not a Collision with a Motor Vehicle in Transport,0,No,1,Non-Junction,1,Not an Intersection,1,On Roadway,0,None,3,Dark - Lighted,1,Clear,0,No,0000000,Not Applicable,22,10:00pm-10:59pm,35,35,22,10:00pm-10:59pm,42,42,88,Not Applicable (Not Transported),88,Not Applicable (Not Transported),1
41,Oregon,410252,1,1,1,1,0,1,1,39,LANE (39),660,EUGENE,7,July,11,11,2,Monday,2022,22,10:00pm-10:59pm,49,49,ROYAL AVE,NA,6,Local Street - Municipality,2,Urban,4,Minor Arterial,4,City or Municipal Highway Agency,0,This section IS NOT on the NHS,0,No Special Jurisdiction,0,None,44.07027778,44.07027778,-123.20814167,-123.20814167,9,Pedalcyclist,0,The First Harmful Event was Not a Collision with a Motor Vehicle in Transport,0,No,1,Non-Junction,1,Not an Intersection,98,Not Reported,0,None,2,Dark - Not Lighted,1,Clear,0,No,0000000,Not Applicable,99,Unknown,99,Unknown,99,Unknown EMS Scene Arrival Hour,99,Unknown EMS Scene Arrival Minutes,88,Not Applicable (Not Transported),88,Not Applicable (Not Transported),1
41,Oregon,410253,0,0,1,1,0,1,1,65,WASCO (65),0,NOT APPLICABLE,7,July,14,14,5,Thursday,2022,3,3:00am-3:59am,1,1,SR-293 ODOT 293,NA,3,State Highway,1,Rural,5,Major Collector,1,State Highway Agency,0,This section IS NOT on the NHS,0,No Special Jurisdiction,125,125,44.90026389,44.90026389,-120.74117222,-120.74117222,35,Embankment,0,The First Harmful Event was Not a Collision with a Motor Vehicle in Transport,0,No,1,Non-Junction,1,Not an Intersection,4,On Roadside,0,None,2,Dark - Not Lighted,1,Clear,0,No,0000000,Not Applicable,99,Unknown,99,Unknown,99,Unknown EMS Scene Arrival Hour,99,Unknown EMS Scene Arrival Minutes,88,Not Applicable (Not Transported),88,Not Applicable (Not Transported),1
41,Oregon,410254,0,0,2,2,0,3,3,51,MULTNOMAH (51),2090,TROUTDALE,7,July,14,14,5,Thursday,2022,9,9:00am-9:59am,25,25,NW SUNDIAL RD,NA,6,Local Street - Municipality,2,Urban,7,Local,4,City or Municipal Highway Agency,0,This section IS NOT on the NHS,0,No Special Jurisdiction,0,None,45.55818056,45.55818056,-122.40774444,-122.40774444,12,Motor Vehicle In-Transport,6,Angle,0,No,8,Driveway Access Related,1,Not an Intersection,1,On Roadway,0,None,1,Daylight,1,Clear,0,No,0000000,Not Applicable,9,9:00am-9:59am,28,28,9,9:00am-9:59am,51,51,10,10:00am-10:59am,26,26,1
41,Oregon,410256,0,0,4,4,0,12,12,35,KLAMATH (35),0,NOT APPLICABLE,7,July,16,16,7,Saturday,2022,16,4:00pm-4:59pm,12,12,US-97 ODOT 4,NA,2,US Highway,1,Rural,3,Principal Arterial - Other,1,State Highway Agency,1,This section IS ON the NHS,0,No Special Jurisdiction,2296,2296,42.84011667,42.84011667,-121.83323611,-121.83323611,12,Motor Vehicle In-Transport,2,Front-to-Front,0,No,1,Non-Junction,1,Not an Intersection,1,On Roadway,0,None,1,Daylight,1,Clear,0,No,0000000,Not Applicable,16,4:00pm-4:59pm,12,12,16,4:00pm-4:59pm,30,30,99,Unknown,99,Unknown EMS Hospital Arrival Time,3
41,Oregon,410257,0,0,1,1,0,2,2,43,LINN (43),0,NOT APPLICABLE,7,July,16,16,7,Saturday,2022,18,6:00pm-6:59pm,22,22,SR-226,NA,3,State Highway,1,Rural,4,Minor Arterial,1,State Highway Agency,0,This section IS NOT on the NHS,0,No Special Jurisdiction,214,214,44.7629,44.7629,-122.66600278,-122.66600278,34,Ditch,0,The First Harmful Event was Not a Collision with a Motor Vehicle in Transport,0,No,1,Non-Junction,1,Not an Intersection,4,On Roadside,0,None,1,Daylight,1,Clear,0,No,0000000,Not Applicable,18,6:00pm-6:59pm,22,22,18,6:00pm-6:59pm,40,40,99,Unknown,99,Unknown EMS Hospital Arrival Time,1
41,Oregon,410258,0,0,1,1,0,2,2,43,LINN (43),0,NOT APPLICABLE,7,July,16,16,7,Saturday,2022,2,2:00am-2:59am,40,40,CR-LYONS MILL CITY DR,NA,4,County Road,1,Rural,5,Major Collector,2,County Highway Agency,0,This section IS NOT on the NHS,0,No Special Jurisdiction,58,58,44.75106111,44.75106111,-122.51020278,-122.51020278,30,Utility Pole/Light Support,0,The First Harmful Event was Not a Collision with a Motor Vehicle in Transport,0,No,1,Non-Junction,1,Not an Intersection,4,On Roadside,0,None,2,Dark - Not Lighted,1,Clear,0,No,0000000,Not Applicable,2,2:00am-2:59am,41,41,2,2:00am-2:59am,48,48,88,Not Applicable (Not Transported),88,Not Applicable (Not Transported),2
41,Oregon,410259,1,1,2,2,0,2,2,51,MULTNOMAH (51),1650,PORTLAND,7,July,16,16,7,Saturday,2022,7,7:00am-7:59am,24,24,SE HOLGATE BLVD,SE 100TH AVE,6,Local Street - Municipality,2,Urban,5,Major Collector,4,City or Municipal Highway Agency,0,This section IS NOT on the NHS,0,No Special Jurisdiction,0,None,45.48990833,45.48990833,-122.56102778,-122.56102778,12,Motor Vehicle In-Transport,1,Front-to-Rear,0,No,3,Intersection-Related,2,Four-Way Intersection,1,On Roadway,0,None,1,Daylight,10,Cloudy,0,No,0000000,Not Applicable,7,7:00am-7:59am,26,26,7,7:00am-7:59am,31,31,88,Not Applicable (Not Transported),88,Not Applicable (Not Transported),1
41,Oregon,410260,0,2,3,1,2,3,1,51,MULTNOMAH (51),1650,PORTLAND,7,July,18,18,2,Monday,2022,5,5:00am-5:59am,24,24,NE MARINE DR,NA,6,Local Street - Municipality,2,Urban,5,Major Collector,4,City or Municipal Highway Agency,0,This section IS NOT on the NHS,0,No Special Jurisdiction,0,None,45.57218889,45.57218889,-122.54390833,-122.54390833,14,Parked Motor Vehicle,0,The First Harmful Event was Not a Collision with a Motor Vehicle in Transport,0,No,1,Non-Junction,1,Not an Intersection,4,On Roadside,0,None,4,Dawn,1,Clear,0,No,0000000,Not Applicable,5,5:00am-5:59am,24,24,5,5:00am-5:59am,30,30,88,Not Applicable (Not Transported),88,Not Applicable (Not Transported),1
41,Oregon,410261,0,0,2,2,0,4,4,15,CURRY (15),0,NOT APPLICABLE,7,July,15,15,6,Friday,2022,22,10:00pm-10:59pm,4,4,US-101 ODOT 9,E HOFFELDT LN,2,US Highway,2,Urban,3,Principal Arterial - Other,1,State Highway Agency,1,This section IS ON the NHS,0,No Special Jurisdiction,3587,3587,42.04843333,42.04843333,-124.257325,-124.257325,12,Motor Vehicle In-Transport,2,Front-to-Front,0,No,2,Intersection,2,Four-Way Intersection,1,On Roadway,0,None,2,Dark - Not Lighted,1,Clear,0,No,0000000,Not Applicable,22,10:00pm-10:59pm,5,5,22,10:00pm-10:59pm,12,12,99,Unknown,99,Unknown EMS Hospital Arrival Time,1
41,Oregon,410262,0,0,1,1,0,1,1,33,JOSEPHINE (33),0,NOT APPLICABLE,7,July,16,16,7,Saturday,2022,13,1:00pm-1:59pm,0,0,CR-ROCKYDALE RD,NA,4,County Road,1,Rural,6,Minor Collector,2,County Highway Agency,0,This section IS NOT on the NHS,0,No Special Jurisdiction,6,6,42.13870833,42.13870833,-123.639825,-123.639825,34,Ditch,0,The First Harmful Event was Not a Collision with a Motor Vehicle in Transport,0,No,1,Non-Junction,1,Not an Intersection,4,On Roadside,0,None,1,Daylight,1,Clear,0,No,0000000,Not Applicable,13,1:00pm-1:59pm,0,0,13,1:00pm-1:59pm,5,5,14,2:00pm-2:59pm,22,22,1
41,Oregon,410263,1,1,1,1,0,1,1,43,LINN (43),0,NOT APPLICABLE,7,July,20,20,4,Wednesday,2022,0,0:00am-0:59am,49,49,SR-99E ODOT 58,NA,3,State Highway,1,Rural,4,Minor Arterial,1,State Highway Agency,0,This section IS NOT on the NHS,0,No Special Jurisdiction,170,170,44.42563611,44.42563611,-123.11035556,-123.11035556,8,Pedestrian,0,The First Harmful Event was Not a Collision with a Motor Vehicle in Transport,0,No,1,Non-Junction,1,Not an Intersection,1,On Roadway,0,None,2,Dark - Not Lighted,1,Clear,0,No,0000000,Not Applicable,99,Unknown,99,Unknown,99,Unknown EMS Scene Arrival Hour,99,Unknown EMS Scene Arrival Minutes,88,Not Applicable (Not Transported),88,Not Applicable (Not Transported),1
41,Oregon,410264,0,0,1,1,0,2,2,5,CLACKAMAS (5),0,NOT APPLICABLE,7,July,20,20,4,Wednesday,2022,0,0:00am-0:59am,15,15,CR-SE WILDCAT MOUNTAIN DR,NA,4,County Road,1,Rural,7,Local,2,County Highway Agency,0,This section IS NOT on the NHS,0,No Special Jurisdiction,0,None,45.33853333,45.33853333,-122.23349722,-122.23349722,38,Fence,0,The First Harmful Event was Not a Collision with a Motor Vehicle in Transport,0,No,1,Non-Junction,1,Not an Intersection,4,On Roadside,0,None,2,Dark - Not Lighted,1,Clear,0,No,0000000,Not Applicable,99,Unknown,99,Unknown,99,Unknown EMS Scene Arrival Hour,99,Unknown EMS Scene Arrival Minutes,88,Not Applicable (Not Transported),88,Not Applicable (Not Transported),2
41,Oregon,410265,0,2,4,1,3,3,1,51,MULTNOMAH (51),0,NOT APPLICABLE,7,July,23,23,7,Saturday,2022,0,0:00am-0:59am,54,54,US-30 ODOT 92,NA,2,US Highway,2,Urban,3,Principal Arterial - Other,1,State Highway Agency,1,This section IS ON the NHS,0,No Special Jurisdiction,126,126,45.64690278,45.64690278,-122.84282222,-122.84282222,14,Parked Motor Vehicle,0,The First Harmful Event was Not a Collision with a Motor Vehicle in Transport,0,No,1,Non-Junction,1,Not an Intersection,4,On Roadside,0,None,2,Dark - Not Lighted,1,Clear,0,No,0000000,Not Applicable,1,1:00am-1:59am,0,0,1,1:00am-1:59am,14,14,1,1:00am-1:59am,46,46,2
41,Oregon,410266,1,1,1,1,0,1,1,67,WASHINGTON (67),2065,TIGARD,7,July,23,23,7,Saturday,2022,19,7:00pm-7:59pm,28,28,SW GAARDE ST,NA,6,Local Street - Municipality,2,Urban,4,Minor Arterial,4,City or Municipal Highway Agency,0,This section IS NOT on the NHS,0,No Special Jurisdiction,0,None,45.41874167,45.41874167,-122.78811111,-122.78811111,8,Pedestrian,0,The First Harmful Event was Not a Collision with a Motor Vehicle in Transport,0,No,1,Non-Junction,1,Not an Intersection,1,On Roadway,0,None,1,Daylight,1,Clear,0,No,0000000,Not Applicable,99,Unknown,99,Unknown,99,Unknown EMS Scene Arrival Hour,99,Unknown EMS Scene Arrival Minutes,88,Not Applicable (Not Transported),88,Not Applicable (Not Transported),1
41,Oregon,410267,0,0,1,1,0,1,1,33,JOSEPHINE (33),0,NOT APPLICABLE,7,July,24,24,1,Sunday,2022,21,9:00pm-9:59pm,55,55,SR-260 ODOT 260,NA,3,State Highway,1,Rural,5,Major Collector,1,State Highway Agency,0,This section IS NOT on the NHS,0,No Special Jurisdiction,150,150,42.47463333,42.47463333,-123.50643333,-123.50643333,59,Traffic Sign Support,0,The First Harmful Event was Not a Collision with a Motor Vehicle in Transport,0,No,1,Non-Junction,1,Not an Intersection,4,On Roadside,0,None,2,Dark - Not Lighted,1,Clear,0,No,0000000,Not Applicable,10,10:00am-10:59am,1,1,10,10:00am-10:59am,17,17,88,Not Applicable (Not Transported),88,Not Applicable (Not Transported),1
41,Oregon,410268,0,0,1,1,0,2,2,19,DOUGLAS (19),0,NOT APPLICABLE,7,July,26,26,3,Tuesday,2022,15,3:00pm-3:59pm,26,26,I-5,NA,1,Interstate,1,Rural,1,Interstate,1,State Highway Agency,1,This section IS ON the NHS,0,No Special Jurisdiction,1656,1656,43.74564722,43.74564722,-123.18102778,-123.18102778,24,Guardrail Face,0,The First Harmful Event was Not a Collision with a Motor Vehicle in Transport,0,No,1,Non-Junction,1,Not an Intersection,4,On Roadside,0,None,1,Daylight,98,Not Reported,0,No,0000000,Not Applicable,99,Unknown,99,Unknown,99,Unknown EMS Scene Arrival Hour,99,Unknown EMS Scene Arrival Minutes,88,Not Applicable (Not Transported),88,Not Applicable (Not Transported),1
41,Oregon,410269,0,0,1,1,0,1,1,51,MULTNOMAH (51),2264,WOOD VILLAGE,6,June,17,17,6,Friday,2022,0,0:00am-0:59am,44,44,NE 223RD AVE,NA,6,Local Street - Municipality,2,Urban,5,Major Collector,4,City or Municipal Highway Agency,0,This section IS NOT on the NHS,0,No Special Jurisdiction,0,None,45.53000556,45.53000556,-122.43356111,-122.43356111,93,Unknown Fixed Object,0,The First Harmful Event was Not a Collision with a Motor Vehicle in Transport,0,No,1,Non-Junction,1,Not an Intersection,4,On Roadside,0,None,3,Dark - Lighted,10,Cloudy,0,No,0000000,Not Applicable,0,0:00am-0:59am,46,46,0,0:00am-0:59am,48,48,88,Not Applicable (Not Transported),88,Not Applicable (Not Transported),1
41,Oregon,410270,0,0,1,1,0,1,1,35,KLAMATH (35),0,NOT APPLICABLE,7,July,9,9,7,Saturday,2022,14,2:00pm-2:59pm,13,13,CR-WESTSIDE RD,NA,4,County Road,1,Rural,5,Major Collector,2,County Highway Agency,0,This section IS NOT on the NHS,0,No Special Jurisdiction,30,30,42.62951667,42.62951667,-122.08293333,-122.08293333,42,Tree (Standing Only),0,The First Harmful Event was Not a Collision with a Motor Vehicle in Transport,0,No,1,Non-Junction,1,Not an Intersection,4,On Roadside,0,None,1,Daylight,1,Clear,0,No,0000000,Not Applicable,14,2:00pm-2:59pm,13,13,14,2:00pm-2:59pm,43,43,88,Not Applicable (Not Transported),88,Not Applicable (Not Transported),1
41,Oregon,410271,0,0,2,2,0,2,2,5,CLACKAMAS (5),0,NOT APPLICABLE,7,July,16,16,7,Saturday,2022,17,5:00pm-5:59pm,33,33,CR-S SCONCE RD,NA,4,County Road,1,Rural,6,Minor Collector,2,County Highway Agency,0,This section IS NOT on the NHS,0,No Special Jurisdiction,1,1,45.15805,45.15805,-122.68502778,-122.68502778,12,Motor Vehicle In-Transport,2,Front-to-Front,0,No,1,Non-Junction,1,Not an Intersection,1,On Roadway,0,None,1,Daylight,1,Clear,0,No,0000000,Not Applicable,99,Unknown,99,Unknown,99,Unknown EMS Scene Arrival Hour,99,Unknown EMS Scene Arrival Minutes,99,Unknown,99,Unknown EMS Hospital Arrival Time,1
41,Oregon,410272,1,1,1,1,0,5,5,43,LINN (43),0,NOT APPLICABLE,7,July,29,29,6,Friday,2022,0,0:00am-0:59am,2,2,I-5,NA,1,Interstate,1,Rural,1,Interstate,1,State Highway Agency,1,This section IS ON the NHS,0,No Special Jurisdiction,2286,2286,44.56356389,44.56356389,-123.06206389,-123.06206389,8,Pedestrian,0,The First Harmful Event was Not a Collision with a Motor Vehicle in Transport,0,No,1,Non-Junction,1,Not an Intersection,1,On Roadway,0,None,3,Dark - Lighted,1,Clear,0,No,0000000,Not Applicable,0,0:00am-0:59am,2,2,0,0:00am-0:59am,18,18,88,Not Applicable (Not Transported),88,Not Applicable (Not Transported),1
41,Oregon,410273,0,0,2,2,0,2,2,59,UMATILLA (59),0,NOT APPLICABLE,7,July,29,29,6,Friday,2022,20,8:00pm-8:59pm,1,1,I-84,NA,1,Interstate,1,Rural,1,Interstate,1,State Highway Agency,1,This section IS ON the NHS,0,No Special Jurisdiction,2160,2160,45.63871667,45.63871667,-118.68491944,-118.68491944,12,Motor Vehicle In-Transport,2,Front-to-Front,0,No,1,Non-Junction,1,Not an Intersection,1,On Roadway,0,None,1,Daylight,1,Clear,0,No,0000000,Not Applicable,20,8:00pm-8:59pm,6,6,20,8:00pm-8:59pm,14,14,99,Unknown,99,Unknown EMS Hospital Arrival Time,1
41,Oregon,410274,1,1,2,1,1,1,1,35,KLAMATH (35),0,NOT APPLICABLE,7,July,29,29,6,Friday,2022,2,2:00am-2:59am,13,13,SR-140 ODOT 270,NA,3,State Highway,1,Rural,3,Principal Arterial - Other,1,State Highway Agency,1,This section IS ON the NHS,0,No Special Jurisdiction,510,510,42.39254722,42.39254722,-122.02725556,-122.02725556,8,Pedestrian,0,The First Harmful Event was Not a Collision with a Motor Vehicle in Transport,0,No,1,Non-Junction,1,Not an Intersection,1,On Roadway,0,None,2,Dark - Not Lighted,1,Clear,0,No,0000000,Not Applicable,2,2:00am-2:59am,15,15,2,2:00am-2:59am,27,27,88,Not Applicable (Not Transported),88,Not Applicable (Not Transported),1
41,Oregon,410275,0,0,2,2,0,3,3,39,LANE (39),0,NOT APPLICABLE,7,July,29,29,6,Friday,2022,15,3:00pm-3:59pm,50,50,SR-126W ODOT 62,NA,3,State Highway,1,Rural,3,Principal Arterial - Other,1,State Highway Agency,1,This section IS ON the NHS,0,No Special Jurisdiction,140,140,44.02593889,44.02593889,-123.857625,-123.857625,12,Motor Vehicle In-Transport,1,Front-to-Rear,0,No,8,Driveway Access Related,1,Not an Intersection,1,On Roadway,0,None,1,Daylight,1,Clear,0,No,0000000,Not Applicable,15,3:00pm-3:59pm,57,57,16,4:00pm-4:59pm,20,20,99,Unknown,99,Unknown EMS Hospital Arrival Time,1
41,Oregon,410276,1,1,1,1,0,1,1,51,MULTNOMAH (51),670,FAIRVIEW,7,July,30,30,7,Saturday,2022,2,2:00am-2:59am,2,2,NE HALSEY ST,NA,6,Local Street - Municipality,2,Urban,4,Minor Arterial,4,City or Municipal Highway Agency,0,This section IS NOT on the NHS,0,No Special Jurisdiction,0,None,45.53344444,45.53344444,-122.44793056,-122.44793056,9,Pedalcyclist,0,The First Harmful Event was Not a Collision with a Motor Vehicle in Transport,0,No,1,Non-Junction,1,Not an Intersection,2,On Shoulder,0,None,3,Dark - Lighted,1,Clear,0,No,0000000,Not Applicable,2,2:00am-2:59am,2,2,2,2:00am-2:59am,6,6,88,Not Applicable (Not Transported),88,Not Applicable (Not Transported),1
41,Oregon,410277,0,0,1,1,0,1,1,53,POLK (53),0,NOT APPLICABLE,7,July,31,31,1,Sunday,2022,11,11:00am-11:59am,52,52,SR-223 ODOT 191,NA,3,State Highway,1,Rural,4,Minor Arterial,1,State Highway Agency,0,This section IS NOT on the NHS,0,No Special Jurisdiction,175,175,44.75081389,44.75081389,-123.41500278,-123.41500278,38,Fence,0,The First Harmful Event was Not a Collision with a Motor Vehicle in Transport,0,No,1,Non-Junction,1,Not an Intersection,4,On Roadside,0,None,1,Daylight,1,Clear,0,No,0000000,Not Applicable,11,11:00am-11:59am,53,53,11,11:00am-11:59am,59,59,88,Not Applicable (Not Transported),88,Not Applicable (Not Transported),1
41,Oregon,410279,0,0,2,2,0,2,2,39,LANE (39),0,NOT APPLICABLE,8,August,2,2,3,Tuesday,2022,23,11:00pm-11:59pm,34,34,CR-DEMMING RD,CR-TERRITORIAL HWY,4,County Road,1,Rural,4,Minor Arterial,2,County Highway Agency,0,This section IS NOT on the NHS,0,No Special Jurisdiction,0,None,44.080725,44.080725,-123.34910556,-123.34910556,12,Motor Vehicle In-Transport,6,Angle,0,No,2,Intersection,3,T-Intersection,1,On Roadway,0,None,2,Dark - Not Lighted,98,Not Reported,0,No,0000000,Not Applicable,23,11:00pm-11:59pm,34,34,23,11:00pm-11:59pm,43,43,88,Not Applicable (Not Transported),88,Not Applicable (Not Transported),1
41,Oregon,410280,1,1,1,1,0,1,1,29,JACKSON (29),1310,MEDFORD,7,July,31,31,1,Sunday,2022,16,4:00pm-4:59pm,16,16,MIRA MAR AVE,SKYLINE DR,6,Local Street - Municipality,2,Urban,7,Local,4,City or Municipal Highway Agency,0,This section IS NOT on the NHS,0,No Special Jurisdiction,0,None,42.30619444,42.30619444,-122.83725556,-122.83725556,8,Pedestrian,0,The First Harmful Event was Not a Collision with a Motor Vehicle in Transport,0,No,3,Intersection-Related,3,T-Intersection,1,On Roadway,0,None,1,Daylight,10,Cloudy,0,No,0000000,Not Applicable,16,4:00pm-4:59pm,17,17,16,4:00pm-4:59pm,28,28,16,4:00pm-4:59pm,45,45,1
41,Oregon,410281,0,0,2,2,0,2,2,59,UMATILLA (59),0,NOT APPLICABLE,8,August,3,3,4,Wednesday,2022,11,11:00am-11:59am,58,58,US-730 ODOT 2,NA,2,US Highway,2,Urban,3,Principal Arterial - Other,1,State Highway Agency,1,This section IS ON the NHS,0,No Special Jurisdiction,1820,1820,45.91476944,45.91476944,-119.362725,-119.362725,12,Motor Vehicle In-Transport,2,Front-to-Front,0,No,1,Non-Junction,1,Not an Intersection,1,On Roadway,0,None,1,Daylight,1,Clear,0,No,0000000,Not Applicable,11,11:00am-11:59am,59,59,12,12:00pm-12:59pm,5,5,88,Not Applicable (Not Transported),88,Not Applicable (Not Transported),1
41,Oregon,410282,0,0,1,1,0,1,1,51,MULTNOMAH (51),1650,PORTLAND,7,July,27,27,4,Wednesday,2022,6,6:00am-6:59am,17,17,NE CORNFOOT RD,NA,6,Local Street - Municipality,2,Urban,5,Major Collector,4,City or Municipal Highway Agency,1,This section IS ON the NHS,0,No Special Jurisdiction,0,None,45.57717778,45.57717778,-122.61104444,-122.61104444,42,Tree (Standing Only),0,The First Harmful Event was Not a Collision with a Motor Vehicle in Transport,0,No,1,Non-Junction,1,Not an Intersection,4,On Roadside,0,None,1,Daylight,1,Clear,0,No,0000000,Not Applicable,6,6:00am-6:59am,17,17,6,6:00am-6:59am,30,30,6,6:00am-6:59am,50,50,1
41,Oregon,410284,0,0,1,1,0,1,1,19,DOUGLAS (19),0,NOT APPLICABLE,8,August,4,4,5,Thursday,2022,16,4:00pm-4:59pm,31,31,CR-ROCK CREEK RD,NA,4,County Road,1,Rural,6,Minor Collector,68,Bureau of Land Management,0,This section IS NOT on the NHS,0,No Special Jurisdiction,0,None,43.36189444,43.36189444,-122.98501667,-122.98501667,23,Bridge Rail (Includes parapet),0,The First Harmful Event was Not a Collision with a Motor Vehicle in Transport,0,No,1,Non-Junction,1,Not an Intersection,4,On Roadside,0,None,1,Daylight,1,Clear,0,No,0000000,Not Applicable,16,4:00pm-4:59pm,42,42,17,5:00pm-5:59pm,8,8,88,Not Applicable (Not Transported),88,Not Applicable (Not Transported),1
41,Oregon,410285,1,1,1,1,0,1,1,15,CURRY (15),0,NOT APPLICABLE,8,August,4,4,5,Thursday,2022,5,5:00am-5:59am,27,27,US-101 ODOT 9,NA,2,US Highway,2,Urban,3,Principal Arterial - Other,1,State Highway Agency,1,This section IS ON the NHS,0,No Special Jurisdiction,3586,3586,42.04977778,42.04977778,-124.25903333,-124.25903333,8,Pedestrian,0,The First Harmful Event was Not a Collision with a Motor Vehicle in Transport,0,No,1,Non-Junction,1,Not an Intersection,1,On Roadway,0,None,2,Dark - Not Lighted,5,"Fog, Smog, Smoke",0,No,0000000,Not Applicable,5,5:00am-5:59am,27,27,5,5:00am-5:59am,32,32,99,Unknown,99,Unknown EMS Hospital Arrival Time,1
41,Oregon,410286,0,0,3,3,0,6,6,25,HARNEY (25),0,NOT APPLICABLE,8,August,5,5,6,Friday,2022,15,3:00pm-3:59pm,15,15,US-20 ODOT 7,NA,2,US Highway,1,Rural,3,Principal Arterial - Other,1,State Highway Agency,1,This section IS ON the NHS,0,No Special Jurisdiction,1576,1576,43.66643611,43.66643611,-118.59273611,-118.59273611,12,Motor Vehicle In-Transport,2,Front-to-Front,0,No,1,Non-Junction,1,Not an Intersection,1,On Roadway,0,None,1,Daylight,1,Clear,0,No,0000000,Not Applicable,15,3:00pm-3:59pm,21,21,15,3:00pm-3:59pm,48,48,16,4:00pm-4:59pm,42,42,2
41,Oregon,410288,0,0,1,1,0,1,1,19,DOUGLAS (19),0,NOT APPLICABLE,8,August,8,8,2,Monday,2022,14,2:00pm-2:59pm,30,30,SR-138W ODOT 231,NA,3,State Highway,1,Rural,4,Minor Arterial,1,State Highway Agency,0,This section IS NOT on the NHS,0,No Special Jurisdiction,177,177,43.45315556,43.45315556,-123.41660833,-123.41660833,42,Tree (Standing Only),0,The First Harmful Event was Not a Collision with a Motor Vehicle in Transport,0,No,1,Non-Junction,1,Not an Intersection,4,On Roadside,0,None,1,Daylight,1,Clear,0,No,0000000,Not Applicable,14,2:00pm-2:59pm,33,33,14,2:00pm-2:59pm,40,40,88,Not Applicable (Not Transported),88,Not Applicable (Not Transported),1