STATE,STATENAME,ST_CASE,PEDS,PERNOTMVIT,VE_TOTAL,VE_FORMS,PVH_INVL,PERSONS,PERMVIT,COUNTY,COUNTYNAME,CITY,CITYNAME,MONTH,MONTHNAME,DAY,DAYNAME,DAY_WEEK,DAY_WEEKNAME,YEAR,HOUR,HOURNAME,MINUTE,MINUTENAME,TWAY_ID,TWAY_ID2,ROUTE,ROUTENAME,RUR_URB,RUR_URBNAME,FUNC_SYS,FUNC_SYSNAME,RD_OWNER,RD_OWNERNAME,NHS,NHSNAME,SP_JUR,SP_JURNAME,MILEPT,MILEPTNAME,LATITUDE,LATITUDENAME,LONGITUD,LONGITUDNAME,HARM_EV,HARM_EVNAME,MAN_COLL,MAN_COLLNAME,RELJCT1,RELJCT1NAME,RELJCT2,RELJCT2NAME,TYP_INT,TYP_INTNAME,REL_ROAD,REL_ROADNAME,WRK_ZONE,WRK_ZONENAME,LGT_COND,LGT_CONDNAME,WEATHER,WEATHERNAME,SCH_BUS,SCH_BUSNAME,RAIL,RAILNAME,NOT_HOUR,NOT_HOURNAME,NOT_MIN,NOT_MINNAME,ARR_HOUR,ARR_HOURNAME,ARR_MIN,ARR_MINNAME,HOSP_HR,HOSP_HRNAME,HOSP_MN,HOSP_MNNAME,FATALS
41,Oregon,410366,0,0,1,1,0,1,1,5,CLACKAMAS (5),0,NOT APPLICABLE,9,September,15,15,5,Thursday,2022,4,4:00am-4:59am,10,10,SR-224 ODOT 171,NA,3,State Highway,2,Urban,4,Minor Arterial,1,State Highway Agency,0,This section IS NOT on the NHS,0,No Special Jurisdiction,138,138,45.39448333,45.39448333,-122.42205556,-122.42205556,30,Utility Pole/Light Support,0,The First Harmful Event was Not a Collision with a Motor Vehicle in Transport,0,No,1,Non-Junction,1,Not an Intersection,4,On Roadside,0,None,2,Dark - Not Lighted,10,Cloudy,0,No,0000000,Not Applicable,4,4:00am-4:59am,12,12,4,4:00am-4:59am,22,22,88,Not Applicable (Not Transported),88,Not Applicable (Not Transported),1
41,Oregon,410367,0,0,3,3,0,4,4,71,YAMHILL (71),0,NOT APPLICABLE,9,September,15,15,5,Thursday,2022,15,3:00pm-3:59pm,0,0,SR-18 ODOT 39,NA,3,State Highway,1,Rural,3,Principal Arterial - Other,1,State Highway Agency,1,This section IS ON the NHS,0,No Special Jurisdiction,420,420,45.16986111,45.16986111,-123.24763611,-123.24763611,12,Motor Vehicle In-Transport,1,Front-to-Rear,0,No,1,Non-Junction,1,Not an Intersection,1,On Roadway,0,None,1,Daylight,10,Cloudy,0,No,0000000,Not Applicable,15,3:00pm-3:59pm,2,2,15,3:00pm-3:59pm,7,7,88,Not Applicable (Not Transported),88,Not Applicable (Not Transported),2
41,Oregon,410368,1,1,1,1,0,1,1,47,MARION (47),0,NOT APPLICABLE,9,September,15,15,5,Thursday,2022,20,8:00pm-8:59pm,22,22,SR-99E ODOT 81,CR-PACIFIC CT NE,3,State Highway,2,Urban,4,Minor Arterial,1,State Highway Agency,0,This section IS NOT on the NHS,0,No Special Jurisdiction,308,308,45.16168333,45.16168333,-122.82213333,-122.82213333,8,Pedestrian,0,The First Harmful Event was Not a Collision with a Motor Vehicle in Transport,0,No,3,Intersection-Related,2,Four-Way Intersection,1,On Roadway,0,None,3,Dark - Lighted,1,Clear,0,No,0000000,Not Applicable,20,8:00pm-8:59pm,22,22,20,8:00pm-8:59pm,25,25,88,Not Applicable (Not Transported),88,Not Applicable (Not Transported),1
41,Oregon,410370,0,0,1,1,0,1,1,39,LANE (39),1960,SPRINGFIELD,9,September,15,15,5,Thursday,2022,20,8:00pm-8:59pm,53,53,SR-126 CONNECTION 4 ODOT 227,NA,3,State Highway,2,Urban,1,Interstate,1,State Highway Agency,1,This section IS ON the NHS,0,No Special Jurisdiction,39,39,44.06387778,44.06387778,-123.045625,-123.045625,35,Embankment,0,The First Harmful Event was Not a Collision with a Motor Vehicle in Transport,1,Yes,5,Entrance/Exit Ramp Related,1,Not an Intersection,4,On Roadside,0,None,3,Dark - Lighted,1,Clear,0,No,0000000,Not Applicable,20,8:00pm-8:59pm,53,53,21,9:00pm-9:59pm,1,1,88,Not Applicable (Not Transported),88,Not Applicable (Not Transported),1
41,Oregon,410371,1,1,1,1,0,2,2,29,JACKSON (29),0,NOT APPLICABLE,9,September,15,15,5,Thursday,2022,20,8:00pm-8:59pm,37,37,CR-ANTIOCH RD,NA,4,County Road,1,Rural,6,Minor Collector,2,County Highway Agency,0,This section IS NOT on the NHS,0,No Special Jurisdiction,30,30,42.50788333,42.50788333,-122.90332222,-122.90332222,8,Pedestrian,0,The First Harmful Event was Not a Collision with a Motor Vehicle in Transport,0,No,1,Non-Junction,1,Not an Intersection,1,On Roadway,0,None,2,Dark - Not Lighted,98,Not Reported,0,No,0000000,Not Applicable,20,8:00pm-8:59pm,39,39,99,Unknown EMS Scene Arrival Hour,97,Officially Cancelled,99,Unknown,97,Officially Canceled,1
41,Oregon,410372,0,0,4,4,0,9,9,17,DESCHUTES (17),0,NOT APPLICABLE,9,September,16,16,6,Friday,2022,8,8:00am-8:59am,12,12,US-97,NA,2,US Highway,1,Rural,3,Principal Arterial - Other,1,State Highway Agency,1,This section IS ON the NHS,0,No Special Jurisdiction,1256,1256,44.21785278,44.21785278,-121.21546944,-121.21546944,12,Motor Vehicle In-Transport,6,Angle,0,No,1,Non-Junction,1,Not an Intersection,1,On Roadway,0,None,1,Daylight,1,Clear,0,No,0000000,Not Applicable,8,8:00am-8:59am,15,15,8,8:00am-8:59am,22,22,99,Unknown,99,Unknown EMS Hospital Arrival Time,1
41,Oregon,410373,0,0,1,1,0,5,5,71,YAMHILL (71),0,NOT APPLICABLE,9,September,17,17,7,Saturday,2022,11,11:00am-11:59am,14,14,SR-221 ODOT 150,NA,3,State Highway,1,Rural,4,Minor Arterial,1,State Highway Agency,0,This section IS NOT on the NHS,0,No Special Jurisdiction,104,104,45.08181111,45.08181111,-123.06723333,-123.06723333,42,Tree (Standing Only),0,The First Harmful Event was Not a Collision with a Motor Vehicle in Transport,0,No,1,Non-Junction,1,Not an Intersection,4,On Roadside,0,None,1,Daylight,1,Clear,0,No,0000000,Not Applicable,11,11:00am-11:59am,14,14,11,11:00am-11:59am,24,24,99,Unknown,99,Unknown EMS Hospital Arrival Time,1
41,Oregon,410374,0,0,1,1,0,1,1,47,MARION (47),1810,SALEM,9,September,17,17,7,Saturday,2022,4,4:00am-4:59am,6,6,HYACINTH ST NE,NA,6,Local Street - Municipality,2,Urban,4,Minor Arterial,4,City or Municipal Highway Agency,0,This section IS NOT on the NHS,0,No Special Jurisdiction,0,None,44.97889167,44.97889167,-122.99280278,-122.99280278,59,Traffic Sign Support,0,The First Harmful Event was Not a Collision with a Motor Vehicle in Transport,0,No,1,Non-Junction,1,Not an Intersection,4,On Roadside,0,None,3,Dark - Lighted,1,Clear,0,No,0000000,Not Applicable,4,4:00am-4:59am,8,8,4,4:00am-4:59am,14,14,88,Not Applicable (Not Transported),88,Not Applicable (Not Transported),1
41,Oregon,410375,0,0,2,2,0,3,3,29,JACKSON (29),0,NOT APPLICABLE,9,September,18,18,1,Sunday,2022,14,2:00pm-2:59pm,31,31,SR-140 ODOT 270,NA,3,State Highway,1,Rural,3,Principal Arterial - Other,1,State Highway Agency,1,This section IS ON the NHS,0,No Special Jurisdiction,176,176,42.412025,42.412025,-122.55251667,-122.55251667,12,Motor Vehicle In-Transport,6,Angle,0,No,1,Non-Junction,1,Not an Intersection,1,On Roadway,0,None,1,Daylight,1,Clear,0,No,0000000,Not Applicable,14,2:00pm-2:59pm,31,31,14,2:00pm-2:59pm,45,45,88,Not Applicable (Not Transported),88,Not Applicable (Not Transported),1
41,Oregon,410377,2,2,1,1,0,1,1,7,CLATSOP (7),2180,WARRENTON,8,August,3,3,4,Wednesday,2022,17,5:00pm-5:59pm,27,27,LAKE DR,NA,6,Local Street - Municipality,2,Urban,7,Local,4,City or Municipal Highway Agency,0,This section IS NOT on the NHS,0,No Special Jurisdiction,0,None,46.20252778,46.20252778,-123.954425,-123.954425,9,Pedalcyclist,0,The First Harmful Event was Not a Collision with a Motor Vehicle in Transport,0,No,1,Non-Junction,1,Not an Intersection,2,On Shoulder,0,None,1,Daylight,1,Clear,0,No,0000000,Not Applicable,17,5:00pm-5:59pm,33,33,17,5:00pm-5:59pm,55,55,19,7:00pm-7:59pm,9,9,1
41,Oregon,410378,0,0,1,1,0,1,1,29,JACKSON (29),0,NOT APPLICABLE,8,August,31,31,4,Wednesday,2022,2,2:00am-2:59am,30,30,CR-MEADOWS RD,NA,4,County Road,1,Rural,5,Major Collector,2,County Highway Agency,0,This section IS NOT on the NHS,0,No Special Jurisdiction,2,2,42.49886667,42.49886667,-122.92556667,-122.92556667,34,Ditch,0,The First Harmful Event was Not a Collision with a Motor Vehicle in Transport,0,No,1,Non-Junction,1,Not an Intersection,4,On Roadside,0,None,2,Dark - Not Lighted,1,Clear,0,No,0000000,Not Applicable,2,2:00am-2:59am,45,45,2,2:00am-2:59am,55,55,88,Not Applicable (Not Transported),88,Not Applicable (Not Transported),1
41,Oregon,410379,0,0,1,1,0,1,1,45,MALHEUR (45),0,NOT APPLICABLE,9,September,3,3,7,Saturday,2022,18,6:00pm-6:59pm,38,38,US-20 ODOT 7,NA,2,US Highway,1,Rural,3,Principal Arterial - Other,1,State Highway Agency,1,This section IS ON the NHS,0,No Special Jurisdiction,1957,1957,43.79352778,43.79352778,-118.00523611,-118.00523611,34,Ditch,0,The First Harmful Event was Not a Collision with a Motor Vehicle in Transport,0,No,1,Non-Junction,1,Not an Intersection,4,On Roadside,1,Construction,1,Daylight,1,Clear,0,No,0000000,Not Applicable,18,6:00pm-6:59pm,38,38,19,7:00pm-7:59pm,25,25,99,Unknown,99,Unknown EMS Hospital Arrival Time,1
41,Oregon,410380,0,0,1,1,0,2,2,19,DOUGLAS (19),0,NOT APPLICABLE,9,September,18,18,1,Sunday,2022,13,1:00pm-1:59pm,29,29,SR-38,NA,3,State Highway,1,Rural,3,Principal Arterial - Other,1,State Highway Agency,1,This section IS ON the NHS,0,No Special Jurisdiction,535,535,43.69933056,43.69933056,-123.28303611,-123.28303611,35,Embankment,0,The First Harmful Event was Not a Collision with a Motor Vehicle in Transport,0,No,1,Non-Junction,1,Not an Intersection,4,On Roadside,0,None,1,Daylight,10,Cloudy,0,No,0000000,Not Applicable,13,1:00pm-1:59pm,33,33,13,1:00pm-1:59pm,41,41,99,Unknown,99,Unknown EMS Hospital Arrival Time,1
41,Oregon,410382,0,0,1,1,0,1,1,35,KLAMATH (35),0,NOT APPLICABLE,9,September,18,18,1,Sunday,2022,18,6:00pm-6:59pm,4,4,SR-140E,NA,3,State Highway,1,Rural,3,Principal Arterial - Other,1,State Highway Agency,1,This section IS ON the NHS,0,No Special Jurisdiction,103,103,42.17421944,42.17421944,-121.61719722,-121.61719722,35,Embankment,0,The First Harmful Event was Not a Collision with a Motor Vehicle in Transport,0,No,1,Non-Junction,1,Not an Intersection,4,On Roadside,0,None,1,Daylight,1,Clear,0,No,0000000,Not Applicable,18,6:00pm-6:59pm,5,5,18,6:00pm-6:59pm,14,14,88,Not Applicable (Not Transported),88,Not Applicable (Not Transported),1
41,Oregon,410383,0,0,2,2,0,6,6,29,JACKSON (29),0,NOT APPLICABLE,8,August,11,11,5,Thursday,2022,15,3:00pm-3:59pm,35,35,CR-DODGE RD,NA,4,County Road,1,Rural,7,Local,2,County Highway Agency,0,This section IS NOT on the NHS,0,No Special Jurisdiction,9,9,42.52377778,42.52377778,-122.87248056,-122.87248056,12,Motor Vehicle In-Transport,6,Angle,0,No,8,Driveway Access Related,1,Not an Intersection,1,On Roadway,0,None,1,Daylight,1,Clear,0,No,0000000,Not Applicable,15,3:00pm-3:59pm,42,42,15,3:00pm-3:59pm,51,51,16,4:00pm-4:59pm,35,35,1
41,Oregon,410384,0,0,1,1,0,1,1,33,JOSEPHINE (33),0,NOT APPLICABLE,9,September,21,21,4,Wednesday,2022,16,4:00pm-4:59pm,1,1,US-199 ODOT 25,NA,2,US Highway,1,Rural,3,Principal Arterial - Other,1,State Highway Agency,1,This section IS ON the NHS,0,No Special Jurisdiction,385,385,42.03805,42.03805,-123.72096111,-123.72096111,42,Tree (Standing Only),0,The First Harmful Event was Not a Collision with a Motor Vehicle in Transport,0,No,1,Non-Junction,1,Not an Intersection,4,On Roadside,0,None,1,Daylight,2,Rain,0,No,0000000,Not Applicable,16,4:00pm-4:59pm,1,1,16,4:00pm-4:59pm,10,10,88,Not Applicable (Not Transported),88,Not Applicable (Not Transported),1
41,Oregon,410386,0,0,2,2,0,4,4,71,YAMHILL (71),0,NOT APPLICABLE,9,September,21,21,4,Wednesday,2022,17,5:00pm-5:59pm,39,39,SR-219 ODOT 140,NA,3,State Highway,1,Rural,4,Minor Arterial,1,State Highway Agency,0,This section IS NOT on the NHS,0,No Special Jurisdiction,160,160,45.34570556,45.34570556,-122.97514444,-122.97514444,12,Motor Vehicle In-Transport,2,Front-to-Front,0,No,1,Non-Junction,1,Not an Intersection,1,On Roadway,0,None,1,Daylight,1,Clear,0,No,0000000,Not Applicable,17,5:00pm-5:59pm,40,40,17,5:00pm-5:59pm,50,50,88,Not Applicable (Not Transported),88,Not Applicable (Not Transported),1
41,Oregon,410387,1,1,1,1,0,2,2,17,DESCHUTES (17),190,BEND,9,September,21,21,4,Wednesday,2022,0,0:00am-0:59am,19,19,US-97 ODOT 4,NA,2,US Highway,2,Urban,3,Principal Arterial - Other,1,State Highway Agency,1,This section IS ON the NHS,0,No Special Jurisdiction,1364,1364,44.07721944,44.07721944,-121.30337778,-121.30337778,8,Pedestrian,0,The First Harmful Event was Not a Collision with a Motor Vehicle in Transport,0,No,1,Non-Junction,1,Not an Intersection,1,On Roadway,0,None,2,Dark - Not Lighted,2,Rain,0,No,0000000,Not Applicable,99,Unknown,99,Unknown,99,Unknown EMS Scene Arrival Hour,99,Unknown EMS Scene Arrival Minutes,88,Not Applicable (Not Transported),88,Not Applicable (Not Transported),1
41,Oregon,410388,0,0,2,2,0,3,3,67,WASHINGTON (67),1000,HILLSBORO,9,September,22,22,5,Thursday,2022,19,7:00pm-7:59pm,40,40,NW 185TH AVE,NE EIDER CT,6,Local Street - Municipality,2,Urban,3,Principal Arterial - Other,4,City or Municipal Highway Agency,1,This section IS ON the NHS,0,No Special Jurisdiction,0,None,45.53125278,45.53125278,-122.86754444,-122.86754444,12,Motor Vehicle In-Transport,6,Angle,0,No,2,Intersection,3,T-Intersection,1,On Roadway,0,None,3,Dark - Lighted,1,Clear,0,No,0000000,Not Applicable,99,Unknown,99,Unknown,99,Unknown EMS Scene Arrival Hour,99,Unknown EMS Scene Arrival Minutes,99,Unknown,99,Unknown EMS Hospital Arrival Time,2
41,Oregon,410389,0,0,2,2,0,2,2,47,MARION (47),1810,SALEM,9,September,23,23,6,Friday,2022,14,2:00pm-2:59pm,8,8,LIBERTY RD S,BROWNING AVE S,6,Local Street - Municipality,2,Urban,4,Minor Arterial,4,City or Municipal Highway Agency,0,This section IS NOT on the NHS,0,No Special Jurisdiction,0,None,44.89753611,44.89753611,-123.05448056,-123.05448056,12,Motor Vehicle In-Transport,6,Angle,0,No,2,Intersection,2,Four-Way Intersection,1,On Roadway,0,None,1,Daylight,1,Clear,0,No,0000000,Not Applicable,14,2:00pm-2:59pm,8,8,14,2:00pm-2:59pm,16,16,14,2:00pm-2:59pm,28,28,1
41,Oregon,410390,0,0,2,2,0,2,2,47,MARION (47),0,NOT APPLICABLE,9,September,23,23,6,Friday,2022,15,3:00pm-3:59pm,39,39,SR-551 ODOT 51,NA,3,State Highway,1,Rural,4,Minor Arterial,1,State Highway Agency,0,This section IS NOT on the NHS,0,No Special Jurisdiction,47,47,45.2135,45.2135,-122.77758889,-122.77758889,12,Motor Vehicle In-Transport,2,Front-to-Front,0,No,1,Non-Junction,1,Not an Intersection,1,On Roadway,0,None,1,Daylight,1,Clear,0,No,0000000,Not Applicable,15,3:00pm-3:59pm,43,43,15,3:00pm-3:59pm,51,51,16,4:00pm-4:59pm,40,40,1
41,Oregon,410391,0,0,2,2,0,3,3,27,HOOD RIVER (27),0,NOT APPLICABLE,9,September,24,24,7,Saturday,2022,17,5:00pm-5:59pm,41,41,I-84,NA,1,Interstate,1,Rural,1,Interstate,1,State Highway Agency,1,This section IS ON the NHS,0,No Special Jurisdiction,515,515,45.69065,45.69065,-121.75854444,-121.75854444,12,Motor Vehicle In-Transport,1,Front-to-Rear,0,No,1,Non-Junction,1,Not an Intersection,1,On Roadway,0,None,1,Daylight,1,Clear,0,No,0000000,Not Applicable,17,5:00pm-5:59pm,43,43,18,6:00pm-6:59pm,1,1,99,Unknown,99,Unknown EMS Hospital Arrival Time,1
41,Oregon,410392,0,0,4,4,0,5,5,51,MULTNOMAH (51),880,GRESHAM,9,September,23,23,6,Friday,2022,16,4:00pm-4:59pm,19,19,I-84,NA,1,Interstate,2,Urban,1,Interstate,1,State Highway Agency,1,This section IS ON the NHS,0,No Special Jurisdiction,120,120,45.54245556,45.54245556,-122.49529444,-122.49529444,12,Motor Vehicle In-Transport,1,Front-to-Rear,0,No,1,Non-Junction,1,Not an Intersection,1,On Roadway,0,None,1,Daylight,1,Clear,0,No,0000000,Not Applicable,16,4:00pm-4:59pm,20,20,17,5:00pm-5:59pm,20,20,17,5:00pm-5:59pm,35,35,1
41,Oregon,410393,0,0,2,2,0,2,2,39,LANE (39),0,NOT APPLICABLE,9,September,24,24,7,Saturday,2022,13,1:00pm-1:59pm,25,25,CR-CAMP CREEK RD,NA,4,County Road,1,Rural,5,Major Collector,2,County Highway Agency,0,This section IS NOT on the NHS,0,No Special Jurisdiction,20,20,44.07386111,44.07386111,-122.92877778,-122.92877778,12,Motor Vehicle In-Transport,2,Front-to-Front,0,No,1,Non-Junction,1,Not an Intersection,1,On Roadway,0,None,1,Daylight,1,Clear,0,No,0000000,Not Applicable,13,1:00pm-1:59pm,25,25,13,1:00pm-1:59pm,31,31,99,Unknown,99,Unknown EMS Hospital Arrival Time,1
41,Oregon,410394,0,0,2,2,0,4,4,39,LANE (39),690,FLORENCE,9,September,24,24,7,Saturday,2022,14,2:00pm-2:59pm,39,39,SR-126 ODOT 62,QUINCE ST,3,State Highway,2,Urban,3,Principal Arterial - Other,1,State Highway Agency,1,This section IS ON the NHS,0,No Special Jurisdiction,1,1,43.97463611,43.97463611,-124.10115556,-124.10115556,12,Motor Vehicle In-Transport,6,Angle,0,No,2,Intersection,2,Four-Way Intersection,1,On Roadway,0,None,1,Daylight,1,Clear,0,No,0000000,Not Applicable,14,2:00pm-2:59pm,41,41,14,2:00pm-2:59pm,43,43,88,Not Applicable (Not Transported),88,Not Applicable (Not Transported),1
41,Oregon,410395,0,0,1,1,0,2,2,51,MULTNOMAH (51),1650,PORTLAND,9,September,24,24,7,Saturday,2022,2,2:00am-2:59am,38,38,NE 33RD AVE,NA,6,Local Street - Municipality,2,Urban,4,Minor Arterial,4,City or Municipal Highway Agency,0,This section IS NOT on the NHS,0,No Special Jurisdiction,0,None,45.54586111,45.54586111,-122.63081667,-122.63081667,42,Tree (Standing Only),0,The First Harmful Event was Not a Collision with a Motor Vehicle in Transport,0,No,1,Non-Junction,1,Not an Intersection,4,On Roadside,0,None,2,Dark - Not Lighted,1,Clear,0,No,0000000,Not Applicable,2,2:00am-2:59am,39,39,2,2:00am-2:59am,47,47,3,3:00am-3:59am,22,22,1
41,Oregon,410397,1,1,1,1,0,1,1,3,BENTON (3),420,CORVALLIS,9,September,27,27,3,Tuesday,2022,21,9:00pm-9:59pm,12,12,SR-99 ODOT 91,NA,3,State Highway,2,Urban,3,Principal Arterial - Other,1,State Highway Agency,1,This section IS ON the NHS,0,No Special Jurisdiction,820,820,44.58525556,44.58525556,-123.25493056,-123.25493056,8,Pedestrian,0,The First Harmful Event was Not a Collision with a Motor Vehicle in Transport,0,No,1,Non-Junction,1,Not an Intersection,1,On Roadway,0,None,2,Dark - Not Lighted,1,Clear,0,No,0000000,Not Applicable,21,9:00pm-9:59pm,13,13,21,9:00pm-9:59pm,17,17,88,Not Applicable (Not Transported),88,Not Applicable (Not Transported),1
41,Oregon,410398,1,1,1,1,0,1,1,39,LANE (39),660,EUGENE,9,September,27,27,3,Tuesday,2022,22,10:00pm-10:59pm,20,20,I-105,NA,1,Interstate,2,Urban,1,Interstate,1,State Highway Agency,1,This section IS ON the NHS,0,No Special Jurisdiction,33,33,44.06260833,44.06260833,-123.05245556,-123.05245556,8,Pedestrian,0,The First Harmful Event was Not a Collision with a Motor Vehicle in Transport,0,No,1,Non-Junction,1,Not an Intersection,1,On Roadway,0,None,3,Dark - Lighted,1,Clear,0,No,0000000,Not Applicable,88,Not Applicable (Not Notified),88,Not Applicable (Not Notified),88,Not Applicable,88,Not Applicable,88,Not Applicable (Not Transported),88,Not Applicable (Not Transported),1
41,Oregon,410399,0,0,2,2,0,2,2,5,CLACKAMAS (5),0,NOT APPLICABLE,9,September,27,27,3,Tuesday,2022,10,10:00am-10:59am,0,0,CR-SW WILSONVILLE RD,NA,4,County Road,1,Rural,4,Minor Arterial,2,County Highway Agency,0,This section IS NOT on the NHS,0,No Special Jurisdiction,31,31,45.28855556,45.28855556,-122.81795833,-122.81795833,12,Motor Vehicle In-Transport,6,Angle,0,No,8,Driveway Access Related,1,Not an Intersection,1,On Roadway,0,None,1,Daylight,1,Clear,0,No,0000000,Not Applicable,99,Unknown,99,Unknown,99,Unknown EMS Scene Arrival Hour,99,Unknown EMS Scene Arrival Minutes,88,Not Applicable (Not Transported),88,Not Applicable (Not Transported),1
41,Oregon,410400,1,1,1,1,0,1,1,47,MARION (47),1810,SALEM,9,September,28,28,4,Wednesday,2022,5,5:00am-5:59am,8,8,SUNNYVIEW RD NE,NA,6,Local Street - Municipality,2,Urban,4,Minor Arterial,4,City or Municipal Highway Agency,0,This section IS NOT on the NHS,0,No Special Jurisdiction,0,None,44.95395278,44.95395278,-122.98266667,-122.98266667,8,Pedestrian,0,The First Harmful Event was Not a Collision with a Motor Vehicle in Transport,0,No,1,Non-Junction,1,Not an Intersection,1,On Roadway,0,None,3,Dark - Lighted,98,Not Reported,0,No,0000000,Not Applicable,5,5:00am-5:59am,8,8,5,5:00am-5:59am,13,13,5,5:00am-5:59am,29,29,1
41,Oregon,410401,0,0,2,2,0,2,2,17,DESCHUTES (17),0,NOT APPLICABLE,9,September,29,29,5,Thursday,2022,19,7:00pm-7:59pm,36,36,US-97 ODOT 4,NA,2,US Highway,2,Urban,3,Principal Arterial - Other,1,State Highway Agency,1,This section IS ON the NHS,0,No Special Jurisdiction,1177,1177,44.32371389,44.32371389,-121.17480833,-121.17480833,12,Motor Vehicle In-Transport,2,Front-to-Front,0,No,1,Non-Junction,1,Not an Intersection,1,On Roadway,0,None,2,Dark - Not Lighted,1,Clear,0,No,0000000,Not Applicable,19,7:00pm-7:59pm,37,37,19,7:00pm-7:59pm,44,44,19,7:00pm-7:59pm,58,58,1
41,Oregon,410402,1,1,1,1,0,1,1,19,DOUGLAS (19),0,NOT APPLICABLE,9,September,29,29,5,Thursday,2022,14,2:00pm-2:59pm,15,15,US-101 ODOT 9,NA,2,US Highway,1,Rural,3,Principal Arterial - Other,1,State Highway Agency,1,This section IS ON the NHS,0,No Special Jurisdiction,2092,2092,43.73262222,43.73262222,-124.11145556,-124.11145556,9,Pedalcyclist,0,The First Harmful Event was Not a Collision with a Motor Vehicle in Transport,0,No,1,Non-Junction,1,Not an Intersection,99,Reported as Unknown,0,None,1,Daylight,10,Cloudy,0,No,0000000,Not Applicable,14,2:00pm-2:59pm,21,21,14,2:00pm-2:59pm,30,30,15,3:00pm-3:59pm,2,2,1
41,Oregon,410403,0,0,1,1,0,1,1,47,MARION (47),0,NOT APPLICABLE,9,September,30,30,6,Friday,2022,12,12:00pm-12:59pm,51,51,I-5,NA,1,Interstate,2,Urban,1,Interstate,1,State Highway Agency,1,This section IS ON the NHS,0,No Special Jurisdiction,2713,2713,45.14546389,45.14546389,-122.88602222,-122.88602222,24,Guardrail Face,0,The First Harmful Event was Not a Collision with a Motor Vehicle in Transport,0,No,1,Non-Junction,1,Not an Intersection,4,On Roadside,0,None,1,Daylight,10,Cloudy,0,No,0000000,Not Applicable,12,12:00pm-12:59pm,51,51,13,1:00pm-1:59pm,8,8,88,Not Applicable (Not Transported),88,Not Applicable (Not Transported),1
41,Oregon,410404,0,0,2,2,0,2,2,57,TILLAMOOK (57),0,NOT APPLICABLE,9,September,29,29,5,Thursday,2022,17,5:00pm-5:59pm,27,27,US-101 ODOT 9,CR-SOUTH PRAIRIE RD,2,US Highway,1,Rural,3,Principal Arterial - Other,1,State Highway Agency,1,This section IS ON the NHS,0,No Special Jurisdiction,696,696,45.40681944,45.40681944,-123.82114444,-123.82114444,12,Motor Vehicle In-Transport,6,Angle,0,No,2,Intersection,3,T-Intersection,1,On Roadway,0,None,1,Daylight,1,Clear,0,No,0000000,Not Applicable,17,5:00pm-5:59pm,27,27,17,5:00pm-5:59pm,32,32,88,Not Applicable (Not Transported),88,Not Applicable (Not Transported),1
41,Oregon,410405,1,1,1,1,0,1,1,51,MULTNOMAH (51),1650,PORTLAND,9,September,29,29,5,Thursday,2022,23,11:00pm-11:59pm,46,46,NE 122ND AVE,NE SHAVER ST,6,Local Street - Municipality,2,Urban,4,Minor Arterial,4,City or Municipal Highway Agency,0,This section IS NOT on the NHS,0,No Special Jurisdiction,0,None,45.55179167,45.55179167,-122.53718333,-122.53718333,8,Pedestrian,0,The First Harmful Event was Not a Collision with a Motor Vehicle in Transport,0,No,3,Intersection-Related,2,Four-Way Intersection,1,On Roadway,0,None,3,Dark - Lighted,10,Cloudy,0,No,0000000,Not Applicable,23,11:00pm-11:59pm,50,50,23,11:00pm-11:59pm,56,56,88,Not Applicable (Not Transported),88,Not Applicable (Not Transported),1
41,Oregon,410406,0,0,2,2,0,4,4,39,LANE (39),0,NOT APPLICABLE,9,September,30,30,6,Friday,2022,18,6:00pm-6:59pm,9,9,SR-126E ODOT 15,NA,3,State Highway,1,Rural,3,Principal Arterial - Other,1,State Highway Agency,1,This section IS ON the NHS,0,No Special Jurisdiction,501,501,44.17575278,44.17575278,-122.16680833,-122.16680833,12,Motor Vehicle In-Transport,1,Front-to-Rear,0,No,8,Driveway Access Related,1,Not an Intersection,1,On Roadway,0,None,5,Dusk,1,Clear,0,No,0000000,Not Applicable,18,6:00pm-6:59pm,9,9,18,6:00pm-6:59pm,13,13,99,Unknown,99,Unknown EMS Hospital Arrival Time,1
41,Oregon,410407,0,0,2,2,0,3,3,47,MARION (47),0,NOT APPLICABLE,9,September,30,30,6,Friday,2022,0,0:00am-0:59am,45,45,I-5,NA,1,Interstate,1,Rural,1,Interstate,1,State Highway Agency,1,This section IS ON the NHS,0,No Special Jurisdiction,2789,2789,45.23754722,45.23754722,-122.80448611,-122.80448611,12,Motor Vehicle In-Transport,2,Front-to-Front,0,No,1,Non-Junction,1,Not an Intersection,1,On Roadway,0,None,3,Dark - Lighted,10,Cloudy,0,No,0000000,Not Applicable,0,0:00am-0:59am,48,48,0,0:00am-0:59am,51,51,88,Not Applicable (Not Transported),88,Not Applicable (Not Transported),1
41,Oregon,410408,1,1,1,1,0,1,1,51,MULTNOMAH (51),1650,PORTLAND,9,September,30,30,6,Friday,2022,20,8:00pm-8:59pm,40,40,US-30 ODOT 123,NA,2,US Highway,2,Urban,3,Principal Arterial - Other,1,State Highway Agency,1,This section IS ON the NHS,0,No Special Jurisdiction,88,88,45.56844167,45.56844167,-122.60893889,-122.60893889,8,Pedestrian,0,The First Harmful Event was Not a Collision with a Motor Vehicle in Transport,0,No,1,Non-Junction,1,Not an Intersection,1,On Roadway,0,None,3,Dark - Lighted,1,Clear,0,No,0000000,Not Applicable,20,8:00pm-8:59pm,43,43,20,8:00pm-8:59pm,50,50,88,Not Applicable (Not Transported),88,Not Applicable (Not Transported),1