STATE,STATENAME,ST_CASE,PEDS,PERNOTMVIT,VE_TOTAL,VE_FORMS,PVH_INVL,PERSONS,PERMVIT,COUNTY,COUNTYNAME,CITY,CITYNAME,MONTH,MONTHNAME,DAY,DAYNAME,DAY_WEEK,DAY_WEEKNAME,YEAR,HOUR,HOURNAME,MINUTE,MINUTENAME,TWAY_ID,TWAY_ID2,ROUTE,ROUTENAME,RUR_URB,RUR_URBNAME,FUNC_SYS,FUNC_SYSNAME,RD_OWNER,RD_OWNERNAME,NHS,NHSNAME,SP_JUR,SP_JURNAME,MILEPT,MILEPTNAME,LATITUDE,LATITUDENAME,LONGITUD,LONGITUDNAME,HARM_EV,HARM_EVNAME,MAN_COLL,MAN_COLLNAME,RELJCT1,RELJCT1NAME,RELJCT2,RELJCT2NAME,TYP_INT,TYP_INTNAME,REL_ROAD,REL_ROADNAME,WRK_ZONE,WRK_ZONENAME,LGT_COND,LGT_CONDNAME,WEATHER,WEATHERNAME,SCH_BUS,SCH_BUSNAME,RAIL,RAILNAME,NOT_HOUR,NOT_HOURNAME,NOT_MIN,NOT_MINNAME,ARR_HOUR,ARR_HOURNAME,ARR_MIN,ARR_MINNAME,HOSP_HR,HOSP_HRNAME,HOSP_MN,HOSP_MNNAME,FATALS
41,Oregon,410447,1,1,1,1,0,1,1,39,LANE (39),0,NOT APPLICABLE,10,October,21,21,6,Friday,2022,4,4:00am-4:59am,48,48,SR-99S ODOT 227,NA,3,State Highway,1,Rural,5,Major Collector,1,State Highway Agency,0,This section IS NOT on the NHS,0,No Special Jurisdiction,32,32,43.95371111,43.95371111,-123.01207222,-123.01207222,8,Pedestrian,0,The First Harmful Event was Not a Collision with a Motor Vehicle in Transport,0,No,1,Non-Junction,1,Not an Intersection,1,On Roadway,0,None,2,Dark - Not Lighted,10,Cloudy,0,No,0000000,Not Applicable,4,4:00am-4:59am,48,48,4,4:00am-4:59am,51,51,88,Not Applicable (Not Transported),88,Not Applicable (Not Transported),1
41,Oregon,410448,0,0,1,1,0,1,1,19,DOUGLAS (19),0,NOT APPLICABLE,10,October,22,22,7,Saturday,2022,12,12:00pm-12:59pm,41,41,I-5,NA,1,Interstate,1,Rural,1,Interstate,1,State Highway Agency,1,This section IS ON the NHS,0,No Special Jurisdiction,1478,1478,43.53115278,43.53115278,-123.29941389,-123.29941389,35,Embankment,0,The First Harmful Event was Not a Collision with a Motor Vehicle in Transport,0,No,1,Non-Junction,1,Not an Intersection,4,On Roadside,0,None,1,Daylight,2,Rain,0,No,0000000,Not Applicable,12,12:00pm-12:59pm,41,41,12,12:00pm-12:59pm,54,54,88,Not Applicable (Not Transported),88,Not Applicable (Not Transported),1
41,Oregon,410449,1,1,1,1,0,1,1,59,UMATILLA (59),0,NOT APPLICABLE,10,October,23,23,1,Sunday,2022,1,1:00am-1:59am,33,33,US-395A ODOT 28,NA,2,US Highway,2,Urban,3,Principal Arterial - Other,1,State Highway Agency,1,This section IS ON the NHS,0,No Special Jurisdiction,90,90,45.80432222,45.80432222,-119.23991667,-119.23991667,8,Pedestrian,0,The First Harmful Event was Not a Collision with a Motor Vehicle in Transport,0,No,1,Non-Junction,1,Not an Intersection,1,On Roadway,0,None,2,Dark - Not Lighted,98,Not Reported,0,No,0000000,Not Applicable,1,1:00am-1:59am,37,37,1,1:00am-1:59am,45,45,88,Not Applicable (Not Transported),88,Not Applicable (Not Transported),1
41,Oregon,410450,0,0,1,1,0,3,3,5,CLACKAMAS (5),0,NOT APPLICABLE,10,October,23,23,1,Sunday,2022,17,5:00pm-5:59pm,12,12,CR-S DRYLAND RD,NA,4,County Road,1,Rural,5,Major Collector,2,County Highway Agency,0,This section IS NOT on the NHS,0,No Special Jurisdiction,52,52,45.182025,45.182025,-122.66094722,-122.66094722,42,Tree (Standing Only),0,The First Harmful Event was Not a Collision with a Motor Vehicle in Transport,0,No,1,Non-Junction,1,Not an Intersection,4,On Roadside,0,None,5,Dusk,10,Cloudy,0,No,0000000,Not Applicable,17,5:00pm-5:59pm,15,15,17,5:00pm-5:59pm,23,23,99,Unknown,99,Unknown EMS Hospital Arrival Time,2
41,Oregon,410451,0,0,1,1,0,1,1,71,YAMHILL (71),0,NOT APPLICABLE,10,October,24,24,2,Monday,2022,8,8:00am-8:59am,51,51,SR-154 ODOT 154,NA,3,State Highway,1,Rural,5,Major Collector,1,State Highway Agency,0,This section IS NOT on the NHS,0,No Special Jurisdiction,48,48,45.14345278,45.14345278,-123.11500278,-123.11500278,35,Embankment,0,The First Harmful Event was Not a Collision with a Motor Vehicle in Transport,0,No,1,Non-Junction,1,Not an Intersection,4,On Roadside,0,None,2,Dark - Not Lighted,2,Rain,0,No,0000000,Not Applicable,8,8:00am-8:59am,52,52,9,9:00am-9:59am,1,1,88,Not Applicable (Not Transported),88,Not Applicable (Not Transported),1
41,Oregon,410452,0,0,2,2,0,3,3,65,WASCO (65),0,NOT APPLICABLE,10,October,26,26,4,Wednesday,2022,14,2:00pm-2:59pm,14,14,US-30 ODOT 100,NA,2,US Highway,1,Rural,6,Minor Collector,1,State Highway Agency,0,This section IS NOT on the NHS,0,No Special Jurisdiction,651,651,45.67598889,45.67598889,-121.29463056,-121.29463056,12,Motor Vehicle In-Transport,2,Front-to-Front,0,No,1,Non-Junction,1,Not an Intersection,1,On Roadway,0,None,1,Daylight,1,Clear,0,No,0000000,Not Applicable,14,2:00pm-2:59pm,14,14,14,2:00pm-2:59pm,35,35,88,Not Applicable (Not Transported),88,Not Applicable (Not Transported),1
41,Oregon,410453,1,1,1,1,0,1,1,51,MULTNOMAH (51),1650,PORTLAND,10,October,26,26,4,Wednesday,2022,4,4:00am-4:59am,55,55,N INTERSTATE AVE,NA,6,Local Street - Municipality,2,Urban,4,Minor Arterial,4,City or Municipal Highway Agency,1,This section IS ON the NHS,0,No Special Jurisdiction,0,None,45.54324722,45.54324722,-122.67733611,-122.67733611,8,Pedestrian,0,The First Harmful Event was Not a Collision with a Motor Vehicle in Transport,0,No,1,Non-Junction,1,Not an Intersection,1,On Roadway,0,None,3,Dark - Lighted,10,Cloudy,0,No,0000000,Not Applicable,99,Unknown,99,Unknown,99,Unknown EMS Scene Arrival Hour,99,Unknown EMS Scene Arrival Minutes,88,Not Applicable (Not Transported),88,Not Applicable (Not Transported),1
41,Oregon,410454,0,0,2,1,1,1,1,3,BENTON (3),0,NOT APPLICABLE,10,October,27,27,5,Thursday,2022,11,11:00am-11:59am,48,48,CR-ALPINE RD,NA,4,County Road,1,Rural,5,Major Collector,2,County Highway Agency,0,This section IS NOT on the NHS,0,No Special Jurisdiction,37,37,44.32916944,44.32916944,-123.35825,-123.35825,14,Parked Motor Vehicle,0,The First Harmful Event was Not a Collision with a Motor Vehicle in Transport,0,No,1,Non-Junction,1,Not an Intersection,2,On Shoulder,1,Construction,1,Daylight,1,Clear,0,No,0000000,Not Applicable,99,Unknown,99,Unknown,99,Unknown EMS Scene Arrival Hour,99,Unknown EMS Scene Arrival Minutes,88,Not Applicable (Not Transported),88,Not Applicable (Not Transported),1
41,Oregon,410455,0,0,2,2,0,2,2,67,WASHINGTON (67),1000,HILLSBORO,10,October,19,19,4,Wednesday,2022,17,5:00pm-5:59pm,59,59,NE CORNELIUS PASS RD,NE NICHOLAS CT,6,Local Street - Municipality,2,Urban,4,Minor Arterial,4,City or Municipal Highway Agency,0,This section IS NOT on the NHS,0,No Special Jurisdiction,0,None,45.53190278,45.53190278,-122.89961389,-122.89961389,12,Motor Vehicle In-Transport,6,Angle,0,No,2,Intersection,3,T-Intersection,1,On Roadway,0,None,1,Daylight,1,Clear,0,No,0000000,Not Applicable,18,6:00pm-6:59pm,0,0,18,6:00pm-6:59pm,3,3,88,Not Applicable (Not Transported),88,Not Applicable (Not Transported),1
41,Oregon,410456,1,1,1,1,0,1,1,29,JACKSON (29),1310,MEDFORD,10,October,31,31,2,Monday,2022,21,9:00pm-9:59pm,11,11,HAPPY VALLEY DR,NA,6,Local Street - Municipality,2,Urban,7,Local,4,City or Municipal Highway Agency,0,This section IS NOT on the NHS,0,No Special Jurisdiction,0,None,42.29955556,42.29955556,-122.88611389,-122.88611389,8,Pedestrian,0,The First Harmful Event was Not a Collision with a Motor Vehicle in Transport,0,No,1,Non-Junction,1,Not an Intersection,1,On Roadway,0,None,3,Dark - Lighted,10,Cloudy,0,No,0000000,Not Applicable,21,9:00pm-9:59pm,12,12,21,9:00pm-9:59pm,18,18,21,9:00pm-9:59pm,38,38,1
41,Oregon,410457,1,1,1,1,0,1,1,67,WASHINGTON (67),1000,HILLSBORO,10,October,31,31,2,Monday,2022,13,1:00pm-1:59pm,55,55,SR-8 ODOT 29,NA,3,State Highway,2,Urban,3,Principal Arterial - Other,1,State Highway Agency,1,This section IS ON the NHS,0,No Special Jurisdiction,132,132,45.51891667,45.51891667,-122.99042222,-122.99042222,9,Pedalcyclist,0,The First Harmful Event was Not a Collision with a Motor Vehicle in Transport,0,No,1,Non-Junction,1,Not an Intersection,1,On Roadway,0,None,1,Daylight,2,Rain,0,No,0000000,Not Applicable,99,Unknown,99,Unknown,99,Unknown EMS Scene Arrival Hour,99,Unknown EMS Scene Arrival Minutes,88,Not Applicable (Not Transported),88,Not Applicable (Not Transported),1
41,Oregon,410458,1,1,1,1,0,2,2,47,MARION (47),0,NOT APPLICABLE,11,November,1,1,3,Tuesday,2022,0,0:00am-0:59am,48,48,CR-CORDON RD NE,NA,4,County Road,2,Urban,3,Principal Arterial - Other,2,County Highway Agency,1,This section IS ON the NHS,0,No Special Jurisdiction,27,27,44.934025,44.934025,-122.95903889,-122.95903889,8,Pedestrian,0,The First Harmful Event was Not a Collision with a Motor Vehicle in Transport,0,No,1,Non-Junction,1,Not an Intersection,1,On Roadway,0,None,2,Dark - Not Lighted,2,Rain,0,No,0000000,Not Applicable,0,0:00am-0:59am,48,48,0,0:00am-0:59am,51,51,88,Not Applicable (Not Transported),88,Not Applicable (Not Transported),1
41,Oregon,410459,1,1,1,1,0,1,1,35,KLAMATH (35),1170,KLAMATH FALLS,10,October,10,10,2,Monday,2022,19,7:00pm-7:59pm,22,22,US-97 ODOT 4,NA,2,US Highway,2,Urban,3,Principal Arterial - Other,1,State Highway Agency,1,This section IS ON the NHS,0,No Special Jurisdiction,2725,2725,42.25371389,42.25371389,-121.79679167,-121.79679167,8,Pedestrian,0,The First Harmful Event was Not a Collision with a Motor Vehicle in Transport,0,No,1,Non-Junction,1,Not an Intersection,1,On Roadway,0,None,3,Dark - Lighted,1,Clear,0,No,0000000,Not Applicable,19,7:00pm-7:59pm,22,22,19,7:00pm-7:59pm,26,26,19,7:00pm-7:59pm,44,44,1
41,Oregon,410460,1,1,1,1,0,2,2,5,CLACKAMAS (5),1580,OREGON CITY,10,October,28,28,6,Friday,2022,21,9:00pm-9:59pm,34,34,HOLCOMB BLVD,FRONT AVE,6,Local Street - Municipality,2,Urban,4,Minor Arterial,4,City or Municipal Highway Agency,0,This section IS NOT on the NHS,0,No Special Jurisdiction,0,None,45.36626667,45.36626667,-122.57973611,-122.57973611,8,Pedestrian,0,The First Harmful Event was Not a Collision with a Motor Vehicle in Transport,0,No,3,Intersection-Related,3,T-Intersection,1,On Roadway,0,None,2,Dark - Not Lighted,2,Rain,0,No,0000000,Not Applicable,21,9:00pm-9:59pm,34,34,21,9:00pm-9:59pm,40,40,88,Not Applicable (Not Transported),88,Not Applicable (Not Transported),1
41,Oregon,410461,1,1,1,1,0,1,1,5,CLACKAMAS (5),0,NOT APPLICABLE,11,November,3,3,5,Thursday,2022,6,6:00am-6:59am,34,34,US-26 ODOT 26,NA,2,US Highway,1,Rural,3,Principal Arterial - Other,1,State Highway Agency,1,This section IS ON the NHS,0,No Special Jurisdiction,282,282,45.37438611,45.37438611,-122.19821111,-122.19821111,8,Pedestrian,0,The First Harmful Event was Not a Collision with a Motor Vehicle in Transport,0,No,1,Non-Junction,1,Not an Intersection,1,On Roadway,0,None,2,Dark - Not Lighted,10,Cloudy,0,No,0000000,Not Applicable,99,Unknown,99,Unknown,99,Unknown EMS Scene Arrival Hour,99,Unknown EMS Scene Arrival Minutes,88,Not Applicable (Not Transported),88,Not Applicable (Not Transported),1
41,Oregon,410462,0,0,1,1,0,1,1,67,WASHINGTON (67),0,NOT APPLICABLE,11,November,3,3,5,Thursday,2022,11,11:00am-11:59am,4,4,SR-47 ODOT 102,NA,3,State Highway,1,Rural,3,Principal Arterial - Other,1,State Highway Agency,1,This section IS ON the NHS,0,No Special Jurisdiction,868,868,45.56586389,45.56586389,-123.105925,-123.105925,34,Ditch,0,The First Harmful Event was Not a Collision with a Motor Vehicle in Transport,0,No,1,Non-Junction,1,Not an Intersection,4,On Roadside,0,None,1,Daylight,98,Not Reported,0,No,0000000,Not Applicable,11,11:00am-11:59am,4,4,11,11:00am-11:59am,17,17,88,Not Applicable (Not Transported),88,Not Applicable (Not Transported),1
41,Oregon,410463,0,0,2,1,1,3,3,47,MARION (47),1810,SALEM,11,November,3,3,5,Thursday,2022,22,10:00pm-10:59pm,40,40,HAWTHORNE AVE NE,NA,6,Local Street - Municipality,2,Urban,4,Minor Arterial,4,City or Municipal Highway Agency,0,This section IS NOT on the NHS,0,No Special Jurisdiction,0,None,44.96705556,44.96705556,-122.99098611,-122.99098611,59,Traffic Sign Support,0,The First Harmful Event was Not a Collision with a Motor Vehicle in Transport,0,No,1,Non-Junction,1,Not an Intersection,4,On Roadside,0,None,2,Dark - Not Lighted,2,Rain,0,No,0000000,Not Applicable,23,11:00pm-11:59pm,38,38,23,11:00pm-11:59pm,50,50,88,Not Applicable (Not Transported),88,Not Applicable (Not Transported),1
41,Oregon,410464,0,0,2,2,0,3,3,7,CLATSOP (7),0,NOT APPLICABLE,11,November,4,4,6,Friday,2022,11,11:00am-11:59am,28,28,US-30 ODOT 92,NA,2,US Highway,1,Rural,3,Principal Arterial - Other,1,State Highway Agency,1,This section IS ON the NHS,0,No Special Jurisdiction,886,886,46.16977222,46.16977222,-123.71532500000001,-123.71532500000001,12,Motor Vehicle In-Transport,2,Front-to-Front,0,No,1,Non-Junction,1,Not an Intersection,1,On Roadway,0,None,1,Daylight,2,Rain,0,No,0000000,Not Applicable,11,11:00am-11:59am,31,31,11,11:00am-11:59am,37,37,99,Unknown,99,Unknown EMS Hospital Arrival Time,1
41,Oregon,410465,0,0,2,2,0,2,2,67,WASHINGTON (67),0,NOT APPLICABLE,11,November,4,4,6,Friday,2022,15,3:00pm-3:59pm,39,39,US-26 ODOT 47,NA,2,US Highway,1,Rural,3,Principal Arterial - Other,1,State Highway Agency,1,This section IS ON the NHS,0,No Special Jurisdiction,527,527,45.62015278,45.62015278,-123.07553611,-123.07553611,12,Motor Vehicle In-Transport,2,Front-to-Front,0,No,1,Non-Junction,1,Not an Intersection,1,On Roadway,0,None,1,Daylight,2,Rain,0,No,0000000,Not Applicable,15,3:00pm-3:59pm,35,35,15,3:00pm-3:59pm,40,40,99,Unknown,99,Unknown EMS Hospital Arrival Time,1
41,Oregon,410466,0,0,1,1,0,1,1,11,COOS (11),1510,NORTH BEND,11,November,4,4,6,Friday,2022,20,8:00pm-8:59pm,28,28,US-101 ODOT 9,NA,2,US Highway,2,Urban,3,Principal Arterial - Other,1,State Highway Agency,1,This section IS ON the NHS,0,No Special Jurisdiction,2355,2355,43.40545,43.40545,-124.22313056,-124.22313056,19,Building,0,The First Harmful Event was Not a Collision with a Motor Vehicle in Transport,0,No,1,Non-Junction,1,Not an Intersection,4,On Roadside,0,None,2,Dark - Not Lighted,2,Rain,0,No,0000000,Not Applicable,20,8:00pm-8:59pm,32,32,20,8:00pm-8:59pm,37,37,21,9:00pm-9:59pm,4,4,1
41,Oregon,410467,1,1,1,1,0,1,1,53,POLK (53),0,NOT APPLICABLE,9,September,23,23,6,Friday,2022,8,8:00am-8:59am,52,52,CR-ORCHARD KNOB RD,NA,4,County Road,1,Rural,7,Local,2,County Highway Agency,0,This section IS NOT on the NHS,0,No Special Jurisdiction,18,18,44.95071944,44.95071944,-123.31696389,-123.31696389,8,Pedestrian,0,The First Harmful Event was Not a Collision with a Motor Vehicle in Transport,0,No,1,Non-Junction,1,Not an Intersection,2,On Shoulder,0,None,1,Daylight,1,Clear,0,No,0000000,Not Applicable,8,8:00am-8:59am,56,56,9,9:00am-9:59am,2,2,88,Not Applicable (Not Transported),88,Not Applicable (Not Transported),1
41,Oregon,410468,1,1,1,1,0,1,1,37,LAKE (37),0,NOT APPLICABLE,9,September,29,29,5,Thursday,2022,7,7:00am-7:59am,34,34,CR-CHRISTMAS VALLEY HWY,NA,4,County Road,1,Rural,5,Major Collector,2,County Highway Agency,0,This section IS NOT on the NHS,0,No Special Jurisdiction,107,107,43.23792222,43.23792222,-120.68633611,-120.68633611,8,Pedestrian,0,The First Harmful Event was Not a Collision with a Motor Vehicle in Transport,0,No,1,Non-Junction,1,Not an Intersection,1,On Roadway,0,None,1,Daylight,1,Clear,0,No,0000000,Not Applicable,7,7:00am-7:59am,35,35,7,7:00am-7:59am,51,51,88,Not Applicable (Not Transported),88,Not Applicable (Not Transported),1
41,Oregon,410469,0,0,2,2,0,11,11,13,CROOK (13),1700,PRINEVILLE,10,October,8,8,7,Saturday,2022,12,12:00pm-12:59pm,7,7,SR-126 ODOT 41,SR-370 ODOT 370,3,State Highway,2,Urban,3,Principal Arterial - Other,1,State Highway Agency,1,This section IS ON the NHS,0,No Special Jurisdiction,179,179,44.30135278,44.30135278,-120.86231111,-120.86231111,12,Motor Vehicle In-Transport,6,Angle,0,No,2,Intersection,3,T-Intersection,1,On Roadway,0,None,1,Daylight,1,Clear,0,No,0000000,Not Applicable,12,12:00pm-12:59pm,7,7,12,12:00pm-12:59pm,12,12,99,Unknown,99,Unknown EMS Hospital Arrival Time,1
41,Oregon,410470,1,1,1,1,0,3,3,67,WASHINGTON (67),1000,HILLSBORO,10,October,15,15,7,Saturday,2022,23,11:00pm-11:59pm,31,31,SR-8 ODOT 29,NA,3,State Highway,2,Urban,3,Principal Arterial - Other,1,State Highway Agency,1,This section IS ON the NHS,0,No Special Jurisdiction,123,123,45.51672778,45.51672778,-122.97403611,-122.97403611,8,Pedestrian,0,The First Harmful Event was Not a Collision with a Motor Vehicle in Transport,0,No,1,Non-Junction,1,Not an Intersection,1,On Roadway,0,None,3,Dark - Lighted,10,Cloudy,0,No,0000000,Not Applicable,23,11:00pm-11:59pm,31,31,23,11:00pm-11:59pm,37,37,88,Not Applicable (Not Transported),88,Not Applicable (Not Transported),1
41,Oregon,410471,1,1,1,1,0,1,1,51,MULTNOMAH (51),1650,PORTLAND,11,November,8,8,3,Tuesday,2022,18,6:00pm-6:59pm,50,50,NE 162ND AVE,MU-NE FARGO ST,6,Local Street - Municipality,2,Urban,4,Minor Arterial,4,City or Municipal Highway Agency,0,This section IS NOT on the NHS,0,No Special Jurisdiction,0,None,45.54609722,45.54609722,-122.49579167,-122.49579167,8,Pedestrian,0,The First Harmful Event was Not a Collision with a Motor Vehicle in Transport,0,No,3,Intersection-Related,3,T-Intersection,1,On Roadway,0,None,2,Dark - Not Lighted,1,Clear,0,No,0000000,Not Applicable,99,Unknown,99,Unknown,99,Unknown EMS Scene Arrival Hour,99,Unknown EMS Scene Arrival Minutes,88,Not Applicable (Not Transported),88,Not Applicable (Not Transported),1
41,Oregon,410472,0,0,1,1,0,1,1,29,JACKSON (29),0,NOT APPLICABLE,11,November,5,5,7,Saturday,2022,18,6:00pm-6:59pm,29,29,SR-62 ODOT 22,NA,3,State Highway,1,Rural,4,Minor Arterial,1,State Highway Agency,0,This section IS NOT on the NHS,0,No Special Jurisdiction,311,311,42.66437222,42.66437222,-122.66111389,-122.66111389,1,Rollover/Overturn,0,The First Harmful Event was Not a Collision with a Motor Vehicle in Transport,0,No,1,Non-Junction,1,Not an Intersection,4,On Roadside,0,None,2,Dark - Not Lighted,1,Clear,0,No,0000000,Not Applicable,18,6:00pm-6:59pm,30,30,18,6:00pm-6:59pm,59,59,20,8:00pm-8:59pm,1,1,1
41,Oregon,410473,0,0,2,2,0,3,3,57,TILLAMOOK (57),1760,ROCKAWAY BEACH,11,November,9,9,4,Wednesday,2022,12,12:00pm-12:59pm,0,0,US-101 ODOT 9,NA,2,US Highway,1,Rural,3,Principal Arterial - Other,1,State Highway Agency,1,This section IS ON the NHS,0,No Special Jurisdiction,500,500,45.6237,45.6237,-123.94273056,-123.94273056,12,Motor Vehicle In-Transport,2,Front-to-Front,0,No,1,Non-Junction,1,Not an Intersection,1,On Roadway,0,None,1,Daylight,1,Clear,0,No,0000000,Not Applicable,12,12:00pm-12:59pm,3,3,12,12:00pm-12:59pm,21,21,12,12:00pm-12:59pm,45,45,2
41,Oregon,410474,1,1,1,1,0,1,1,7,CLATSOP (7),0,NOT APPLICABLE,11,November,10,10,5,Thursday,2022,18,6:00pm-6:59pm,36,36,US-30 ODOT 92,NA,2,US Highway,1,Rural,3,Principal Arterial - Other,1,State Highway Agency,1,This section IS ON the NHS,0,No Special Jurisdiction,820,820,46.16815278,46.16815278,-123.58155,-123.58155,8,Pedestrian,0,The First Harmful Event was Not a Collision with a Motor Vehicle in Transport,0,No,1,Non-Junction,1,Not an Intersection,1,On Roadway,0,None,2,Dark - Not Lighted,1,Clear,0,No,0000000,Not Applicable,18,6:00pm-6:59pm,36,36,18,6:00pm-6:59pm,44,44,88,Not Applicable (Not Transported),88,Not Applicable (Not Transported),1
41,Oregon,410475,1,1,1,1,0,1,1,7,CLATSOP (7),0,NOT APPLICABLE,11,November,10,10,5,Thursday,2022,19,7:00pm-7:59pm,16,16,US-26 ODOT 47,NA,2,US Highway,1,Rural,3,Principal Arterial - Other,1,State Highway Agency,1,This section IS ON the NHS,0,No Special Jurisdiction,15,15,45.92786667,45.92786667,-123.89906667,-123.89906667,8,Pedestrian,0,The First Harmful Event was Not a Collision with a Motor Vehicle in Transport,0,No,1,Non-Junction,1,Not an Intersection,1,On Roadway,0,None,2,Dark - Not Lighted,10,Cloudy,0,No,0000000,Not Applicable,19,7:00pm-7:59pm,20,20,19,7:00pm-7:59pm,20,20,88,Not Applicable (Not Transported),88,Not Applicable (Not Transported),1
41,Oregon,410476,0,0,2,2,0,2,2,35,KLAMATH (35),0,NOT APPLICABLE,11,November,11,11,6,Friday,2022,22,10:00pm-10:59pm,12,12,SR-58 ODOT 18,NA,3,State Highway,1,Rural,3,Principal Arterial - Other,1,State Highway Agency,1,This section IS ON the NHS,0,No Special Jurisdiction,642,642,43.58511111,43.58511111,-122.00047222,-122.00047222,12,Motor Vehicle In-Transport,2,Front-to-Front,0,No,1,Non-Junction,1,Not an Intersection,1,On Roadway,0,None,2,Dark - Not Lighted,4,Snow,0,No,0000000,Not Applicable,22,10:00pm-10:59pm,12,12,22,10:00pm-10:59pm,48,48,88,Not Applicable (Not Transported),88,Not Applicable (Not Transported),1
41,Oregon,410478,1,1,2,2,0,3,3,47,MARION (47),1810,SALEM,11,November,13,13,1,Sunday,2022,1,1:00am-1:59am,30,30,I-5,NA,1,Interstate,2,Urban,1,Interstate,1,State Highway Agency,1,This section IS ON the NHS,0,No Special Jurisdiction,2594,2594,44.99434722,44.99434722,-123.00034722,-123.00034722,8,Pedestrian,0,The First Harmful Event was Not a Collision with a Motor Vehicle in Transport,0,No,1,Non-Junction,1,Not an Intersection,1,On Roadway,0,None,2,Dark - Not Lighted,5,"Fog, Smog, Smoke",0,No,0000000,Not Applicable,99,Unknown,99,Unknown,99,Unknown EMS Scene Arrival Hour,99,Unknown EMS Scene Arrival Minutes,88,Not Applicable (Not Transported),88,Not Applicable (Not Transported),1
41,Oregon,410479,0,0,1,1,0,1,1,15,CURRY (15),0,NOT APPLICABLE,11,November,14,14,2,Monday,2022,2,2:00am-2:59am,40,40,US-101 ODOT 9,NA,2,US Highway,1,Rural,3,Principal Arterial - Other,1,State Highway Agency,1,This section IS ON the NHS,0,No Special Jurisdiction,3436,3436,42.21985278,42.21985278,-124.37224167,-124.37224167,35,Embankment,0,The First Harmful Event was Not a Collision with a Motor Vehicle in Transport,0,No,1,Non-Junction,1,Not an Intersection,4,On Roadside,0,None,2,Dark - Not Lighted,1,Clear,0,No,0000000,Not Applicable,2,2:00am-2:59am,43,43,3,3:00am-3:59am,5,5,88,Not Applicable (Not Transported),88,Not Applicable (Not Transported),1
41,Oregon,410480,0,0,2,2,0,2,2,43,LINN (43),0,NOT APPLICABLE,11,November,14,14,2,Monday,2022,18,6:00pm-6:59pm,36,36,US-20 ODOT 16,NA,2,US Highway,2,Urban,3,Principal Arterial - Other,1,State Highway Agency,1,This section IS ON the NHS,0,No Special Jurisdiction,164,164,44.50546944,44.50546944,-122.87309444,-122.87309444,12,Motor Vehicle In-Transport,6,Angle,0,No,1,Non-Junction,1,Not an Intersection,1,On Roadway,0,None,2,Dark - Not Lighted,1,Clear,0,No,0000000,Not Applicable,18,6:00pm-6:59pm,36,36,18,6:00pm-6:59pm,36,36,88,Not Applicable (Not Transported),88,Not Applicable (Not Transported),1
41,Oregon,410481,0,0,1,1,0,1,1,3,BENTON (3),0,NOT APPLICABLE,11,November,12,12,7,Saturday,2022,15,3:00pm-3:59pm,45,45,SR-501 ODOT 201,NA,3,State Highway,1,Rural,5,Major Collector,1,State Highway Agency,0,This section IS NOT on the NHS,0,No Special Jurisdiction,1,1,44.38039722,44.38039722,-123.59863333,-123.59863333,23,Bridge Rail (Includes parapet),0,The First Harmful Event was Not a Collision with a Motor Vehicle in Transport,0,No,1,Non-Junction,1,Not an Intersection,4,On Roadside,0,None,1,Daylight,1,Clear,0,No,0000000,Not Applicable,15,3:00pm-3:59pm,46,46,15,3:00pm-3:59pm,50,50,88,Not Applicable (Not Transported),88,Not Applicable (Not Transported),1
41,Oregon,410482,1,1,1,1,0,2,2,51,MULTNOMAH (51),1650,PORTLAND,10,October,28,28,6,Friday,2022,23,11:00pm-11:59pm,17,17,SE 92ND AVE,SE DIVISION ST,6,Local Street - Municipality,2,Urban,5,Major Collector,4,City or Municipal Highway Agency,0,This section IS NOT on the NHS,0,No Special Jurisdiction,0,None,45.50444444,45.50444444,-122.56881111,-122.56881111,9,Pedalcyclist,0,The First Harmful Event was Not a Collision with a Motor Vehicle in Transport,0,No,3,Intersection-Related,2,Four-Way Intersection,1,On Roadway,0,None,3,Dark - Lighted,2,Rain,0,No,0000000,Not Applicable,23,11:00pm-11:59pm,18,18,23,11:00pm-11:59pm,22,22,23,11:00pm-11:59pm,45,45,1
41,Oregon,410483,0,0,1,1,0,1,1,47,MARION (47),0,NOT APPLICABLE,11,November,13,13,1,Sunday,2022,2,2:00am-2:59am,49,49,CR-SILVERTON RD NE,NA,4,County Road,2,Urban,3,Principal Arterial - Other,2,County Highway Agency,1,This section IS ON the NHS,0,No Special Jurisdiction,18,18,44.97290833,44.97290833,-122.95602778,-122.95602778,34,Ditch,0,The First Harmful Event was Not a Collision with a Motor Vehicle in Transport,0,No,1,Non-Junction,1,Not an Intersection,4,On Roadside,0,None,3,Dark - Lighted,1,Clear,0,No,0000000,Not Applicable,2,2:00am-2:59am,49,49,2,2:00am-2:59am,54,54,99,Unknown,99,Unknown EMS Hospital Arrival Time,1